from,to,metric,difference,twice_pooled_sample_sd,unresolved_by_prespecified_rule
E0,E1,eval_itr130,137.34825534731135,102.48275205316399,False
E0,E1,train_last10,126.39849407617385,59.88073550861804,False
E0,E1,J_disc_last10,43.250798214144424,21.556539845127848,False
E0,E2,eval_itr130,9.724302081182941,148.97089103659488,True
E0,E2,train_last10,3.5649652718211655,58.460162063674346,True
E0,E2,J_disc_last10,0.1556119188996945,22.84694907194325,True
E0,E2_beta0,eval_itr130,55.261178498521986,111.73713968614013,True
E0,E2_beta0,train_last10,-1.6334738973746425,60.51286500152492,True
E0,E2_beta0,J_disc_last10,1.5051135571645773,23.792169108328814,True
E0,E2_nobase,eval_itr130,-226.57259892883485,180.48892654564804,False
E0,E2_nobase,train_last10,-316.5213237545472,140.24033078962265,False
E0,E2_nobase,J_disc_last10,-97.73249211104826,45.77638544633519,False
E0,SGD03,eval_itr130,-193.1611241617784,96.57355372471004,False
E0,SGD03,train_last10,-362.943123032574,64.71613024865283,False
E0,SGD03,J_disc_last10,-111.2413987724658,23.499676308187237,False
E0,SGD1,eval_itr130,-168.16049976964223,133.4327330789084,False
E0,SGD1,train_last10,-322.250957831493,57.55711403360703,False
E0,SGD1,J_disc_last10,-97.33878282027945,21.55055826033119,False
E0,SGD3,eval_itr130,-94.24573590070031,152.0248357332817,True
E0,SGD3,train_last10,-210.57188286207065,77.43328195501736,False
E0,SGD3,J_disc_last10,-59.48755824065029,28.73781050936253,False
E0,SGD10,eval_itr130,-73.94005562153143,177.10027774230724,True
E0,SGD10,train_last10,-100.89126963851595,166.4158279098589,True
E0,SGD10,J_disc_last10,-30.209042760657212,65.95370378864754,True
E1,E2,eval_itr130,-127.62395326612841,121.84227913759779,False
E1,E2,train_last10,-122.83352880435268,31.544177766471872,False
E1,E2,J_disc_last10,-43.09518629524473,10.96580982697503,False
E1,E2_beta0,eval_itr130,-82.08707684878937,71.68265476701643,False
E1,E2_beta0,train_last10,-128.0319679735485,35.2030031835991,False
E1,E2_beta0,J_disc_last10,-41.74568465697985,12.819251699874277,False
E1,E2_nobase,eval_itr130,-363.9208542761462,158.8378645500109,False
E1,E2_nobase,train_last10,-442.91981783072106,131.3194387074301,False
E1,E2_nobase,J_disc_last10,-140.98329032519268,41.1551135072771,False
E1,SGD03,eval_itr130,-330.50937950908974,44.49343646232247,False
E1,SGD03,train_last10,-489.34161710874787,42.0193064770506,False
E1,SGD03,J_disc_last10,-154.49219698661022,12.267872262743447,False
E1,SGD1,eval_itr130,-305.5087551169536,102.26196197078605,False
E1,SGD1,train_last10,-448.64945190766684,29.83732525427425,False
E1,SGD1,J_disc_last10,-140.58958103442387,7.917857323628813,False
E1,SGD3,eval_itr130,-231.59399124801166,125.55781651868017,False
E1,SGD3,train_last10,-336.9703769382445,59.77756901026443,False
E1,SGD3,J_disc_last10,-102.73835645479471,20.594359813731547,False
E1,SGD10,eval_itr130,-211.28831096884278,154.97652398221365,False
E1,SGD10,train_last10,-227.2897637146898,158.9706651598825,False
E1,SGD10,J_disc_last10,-73.45984097480164,62.834361194382126,False
E2,E2_beta0,eval_itr130,45.536876417339045,129.7228387844407,True
E2,E2_beta0,train_last10,-5.198439169195808,32.72826754661005,True
E2,E2_beta0,J_disc_last10,1.3495016382648828,14.887306201798685,True
E2,E2_nobase,eval_itr130,-236.2969010100178,192.14338167799156,False
E2,E2_nobase,train_last10,-320.0862890263684,130.67778329116425,False
E2,E2_nobase,J_disc_last10,-97.88810402994795,41.84545422860464,False
E2,SGD03,eval_itr130,-202.88542624296133,116.91568669803665,False
E2,SGD03,train_last10,-366.5080883043952,39.96886513613198,False
E2,SGD03,J_disc_last10,-111.3970106913655,14.415247540586117,False
E2,SGD1,eval_itr130,-177.88480185082517,148.81908739795855,False
E2,SGD1,train_last10,-325.81592310331416,26.87292395306756,False
E2,SGD1,J_disc_last10,-97.49439473917914,10.954046576435873,False
E2,SGD3,eval_itr130,-103.97003798188325,165.69362449045917,True
E2,SGD3,train_last10,-214.13684813389182,58.354484148477624,False
E2,SGD3,J_disc_last10,-59.64317015954998,21.941429487132897,False
E2,SGD10,eval_itr130,-83.66435770271437,188.9638454664182,True
E2,SGD10,train_last10,-104.45623491033712,158.4410314433527,True
E2,SGD10,J_disc_last10,-30.364654679556907,63.28866895825396,True
E2_beta0,E2_nobase,eval_itr130,-281.83377742735684,164.96042292518925,False
E2_beta0,E2_nobase,train_last10,-314.88784985717257,131.6088877244778,False
E2_beta0,E2_nobase,J_disc_last10,-99.23760566821284,42.36893046303616,False
E2_beta0,SGD03,eval_itr130,-248.42230266030037,62.94553046147463,False
E2_beta0,SGD03,train_last10,-361.3096491351994,42.91534064238587,False
E2_beta0,SGD03,J_disc_last10,-112.74651232963038,15.870840892647166,False
E2_beta0,SGD1,eval_itr130,-223.42167826816421,111.53467076637737,False
E2_beta0,SGD1,train_last10,-320.61748393411835,31.08649745418519,False
E2_beta0,SGD1,J_disc_last10,-98.84389637744403,12.809190660696478,False
E2_beta0,SGD3,eval_itr130,-149.5069143992223,133.21876446577733,False
E2_beta0,SGD3,train_last10,-208.938408964696,60.41077803187637,False
E2_beta0,SGD3,J_disc_last10,-60.992671797814864,22.9240170328451,False
E2_beta0,SGD10,eval_itr130,-129.2012341200534,161.24576553342214,True
E2_beta0,SGD10,train_last10,-99.25779574114131,159.20985122477563,True
E2_beta0,SGD10,J_disc_last10,-31.71415631782179,63.63599490454129,True
E2_nobase,SGD03,eval_itr130,33.41147476705646,155.09095404128755,True
E2_nobase,SGD03,train_last10,-46.42179927802681,133.5936750439257,True
E2_nobase,SGD03,J_disc_last10,-13.50890666141754,42.20537577479738,True
E2_nobase,SGD1,eval_itr130,58.41209915919262,180.36365211240468,True
E2_nobase,SGD1,train_last10,-5.729634076945786,130.27629820216362,True
E2_nobase,SGD1,J_disc_last10,0.3937092907688111,41.15198074253785,True
E2_nobase,SGD3,eval_itr130,132.32686302813454,194.52070179327598,True
E2_nobase,SGD3,train_last10,105.94944089247656,140.19631112018118,True
E2_nobase,SGD3,J_disc_last10,38.24493387039797,45.33123327877044,True
E2_nobase,SGD10,eval_itr130,152.63254330730342,214.6887540669508,True
E2_nobase,SGD10,train_last10,215.63005411603126,203.35515797811766,False
E2_nobase,SGD10,J_disc_last10,67.52344935039105,74.69236909579811,True
SGD03,SGD1,eval_itr130,25.00062439213616,96.33922190231588,True
SGD03,SGD1,train_last10,40.692165201081025,38.63600662124491,False
SGD03,SGD1,J_disc_last10,13.902615952186352,12.257358650718121,False
SGD03,SGD3,eval_itr130,98.91538826107808,120.78287171436074,True
SGD03,SGD3,train_last10,152.37124017050337,64.620683887471,False
SGD03,SGD3,J_disc_last10,51.75384053181551,22.620301338232274,False
SGD03,SGD10,eval_itr130,119.22106854024696,151.13391345505087,True
SGD03,SGD10,train_last10,262.05185339405807,160.85442925416447,False
SGD03,SGD10,J_disc_last10,81.03235601180859,63.52721718445619,False
SGD1,SGD3,eval_itr130,73.91476386894192,151.87608461326454,True
SGD1,SGD3,train_last10,111.67907496942235,57.44977500044278,False
SGD1,SGD3,J_disc_last10,37.85122457962916,20.588098682850372,False
SGD1,SGD10,eval_itr130,94.2204441481108,176.97260458649123,True
SGD1,SGD10,train_last10,221.35968819297705,158.11006062929724,False
SGD1,SGD10,J_disc_last10,67.12974005962224,62.83230934752771,False
SGD3,SGD10,eval_itr130,20.305680279168882,191.3806656821703,True
SGD3,SGD10,train_last10,109.6806132235547,166.3787337692159,True
SGD3,SGD10,J_disc_last10,29.278515479993075,65.64551994982992,True
Stage 2 NC4 1e-4,E0,eval_itr130,-71.2406669464417,98.27353050905488,True
Stage 2 NC4 1e-4,E0,train_last10,-8.246577555842123,56.88780304104737,True
Stage 1 DPPO,E1,eval_itr130,-88.73942525040093,158.21670978957323,True
Stage 1 DPPO,E1,train_last10,-46.953529617297136,126.36943060912829,True
