run,condition,seed,itr_start,itr,step,n_training_iterations,complete,sum_split_dot,sum_split_diff_sq,B_env,reason
E0_seed0,E0,0,0,9,720000,9,True,3.5290300238590182e-06,0.0018979652599159411,5378.149936623388,
E0_seed0,E0,0,10,19,1440000,9,True,-6.240347331580112e-06,0.0019301685844980824,,nonpositive_split_dot
E0_seed0,E0,0,20,29,2160000,9,True,8.435574436785424e-06,0.0018754806637917717,2223.299287850832,
E0_seed0,E0,0,30,39,2880000,9,True,1.24196289423636e-05,0.0019245261024662457,1549.5842197842555,
E0_seed0,E0,0,40,49,3600000,9,True,1.283473229895706e-05,0.0019279881416458962,1502.1646706278113,
E0_seed0,E0,0,50,59,4320000,9,True,-1.7043788774740886e-05,0.001969376852368543,,nonpositive_split_dot
E0_seed0,E0,0,60,69,5040000,9,True,2.0584366429978308e-05,0.001936593381769945,940.8078642389315,
E0_seed0,E0,0,70,79,5760000,9,True,-1.2194055480372777e-05,0.0019385830000852545,,nonpositive_split_dot
E0_seed0,E0,0,80,89,6480000,9,True,2.380399321166293e-05,0.0019107227161828141,802.6899937303975,
E0_seed0,E0,0,90,99,7200000,9,True,-3.236274556145003e-05,0.0020255054083633006,,nonpositive_split_dot
E0_seed0,E0,0,100,109,7920000,9,True,-1.5083098705460708e-05,0.001943380615698215,,nonpositive_split_dot
E0_seed0,E0,0,110,119,8640000,9,True,1.2515165140151712e-05,0.0019032173594173557,1520.7289221549051,
E0_seed0,E0,0,120,129,9360000,9,True,2.8776697769366567e-06,0.0019482859959337997,6770.359863902777,
E0_seed0,E0,0,130,139,10080000,9,True,-1.7901787463733726e-05,0.0019136501045717187,,nonpositive_split_dot
E0_seed1,E0,1,0,9,720000,9,True,1.0112079278247167e-05,0.001960877782248991,1939.143996296764,
E0_seed1,E0,1,10,19,1440000,9,True,-3.413443483278273e-05,0.0020207238353155575,,nonpositive_split_dot
E0_seed1,E0,1,20,29,2160000,9,True,-1.3472160323937913e-05,0.001916817282896595,,nonpositive_split_dot
E0_seed1,E0,1,30,39,2880000,9,True,-5.386091992933162e-06,0.0019280069115489617,,nonpositive_split_dot
E0_seed1,E0,1,40,49,3600000,9,True,9.00796871722669e-06,0.0019671026692853976,2183.7361241314516,
E0_seed1,E0,1,50,59,4320000,9,True,-8.200763015695758e-06,0.0019096195157751739,,nonpositive_split_dot
E0_seed1,E0,1,60,69,5040000,9,True,-2.9900748003325683e-05,0.001989383351563625,,nonpositive_split_dot
E0_seed1,E0,1,70,79,5760000,9,True,-3.419060758837842e-05,0.002026694823156717,,nonpositive_split_dot
E0_seed1,E0,1,80,89,6480000,9,True,2.634663447353469e-05,0.0018518894990712373,702.8941404001595,
E0_seed1,E0,1,90,99,7200000,9,True,2.004784783358718e-05,0.0018563587517737093,925.964107061735,
E0_seed1,E0,1,100,109,7920000,9,True,6.25223886479906e-07,0.0018751370296700997,29991.448986816093,
E0_seed1,E0,1,110,119,8640000,9,True,5.978975580478641e-06,0.0019513053072828456,3263.6114347980592,
E0_seed1,E0,1,120,129,9360000,9,True,-1.8819256970625037e-05,0.0019083901359442344,,nonpositive_split_dot
E0_seed1,E0,1,130,139,10080000,9,True,-1.59812372688169e-05,0.001902216778835669,,nonpositive_split_dot
E0_seed2,E0,2,0,9,720000,9,True,-8.934914473112228e-06,0.0019974051626718272,,nonpositive_split_dot
E0_seed2,E0,2,10,19,1440000,9,True,-3.898937464955917e-06,0.001983398809950691,,nonpositive_split_dot
E0_seed2,E0,2,20,29,2160000,9,True,-1.7067839517796258e-05,0.0020141835542838928,,nonpositive_split_dot
E0_seed2,E0,2,30,39,2880000,9,True,2.6444171412529674e-05,0.0019418380896395377,734.3161029123656,
E0_seed2,E0,2,40,49,3600000,9,True,1.6499286751408463e-06,0.002033682687111392,12325.882432086262,
E0_seed2,E0,2,50,59,4320000,9,True,9.536094295660669e-07,0.001963059837636496,20585.574940568407,
E0_seed2,E0,2,60,69,5040000,9,True,9.56481590046062e-06,0.0019598986219482926,2049.070930736794,
E0_seed2,E0,2,70,79,5760000,9,True,-1.1298564192987907e-05,0.00206851401469372,,nonpositive_split_dot
E0_seed2,E0,2,80,89,6480000,9,True,-9.844290564589036e-06,0.001957839808931971,,nonpositive_split_dot
E0_seed2,E0,2,90,99,7200000,9,True,-1.4914250646818921e-05,0.002039776187872238,,nonpositive_split_dot
E0_seed2,E0,2,100,109,7920000,9,True,1.0329319661144831e-05,0.0019929999183656306,1929.459038684393,
E0_seed2,E0,2,110,119,8640000,9,True,2.626552596598193e-05,0.0019826241025911874,754.8389113391462,
E0_seed2,E0,2,120,129,9360000,9,True,-7.74159085329507e-06,0.002021926506375864,,nonpositive_split_dot
E0_seed2,E0,2,130,139,10080000,9,True,7.647104951162368e-06,0.002068831377452353,2705.3785591603373,
E1_seed0,E1,0,0,9,720000,9,True,2.461588072863265e-05,0.0021490912632565876,873.0507297091393,
E1_seed0,E1,0,10,19,1440000,9,True,-7.333957117500873e-06,0.002024432874358221,,nonpositive_split_dot
E1_seed0,E1,0,20,29,2160000,9,True,-5.1365575577704275e-06,0.002127187070933897,,nonpositive_split_dot
E1_seed0,E1,0,30,39,2880000,9,True,-7.128849210995167e-06,0.002156554791983863,,nonpositive_split_dot
E1_seed0,E1,0,40,49,3600000,9,True,1.4751126621298304e-05,0.002142027065518155,1452.1108255049517,
E1_seed0,E1,0,50,59,4320000,9,True,-2.0442318761581023e-05,0.0021587962074736803,,nonpositive_split_dot
E1_seed0,E1,0,60,69,5040000,9,True,1.1112507292062564e-05,0.0020196939089570927,1817.496138247503,
E1_seed0,E1,0,70,79,5760000,9,True,-4.200036525901667e-06,0.0020411428590567282,,nonpositive_split_dot
E1_seed0,E1,0,80,89,6480000,9,True,-1.4458771721156882e-06,0.002238127193809555,,nonpositive_split_dot
E1_seed0,E1,0,90,99,7200000,9,True,-2.1436762759144863e-05,0.0021359880888205222,,nonpositive_split_dot
E1_seed0,E1,0,100,109,7920000,9,True,1.1156041548632667e-05,0.002112993717137111,1894.035360056622,
E1_seed0,E1,0,110,119,8640000,9,True,7.145507672726092e-06,0.0020869121614678025,2920.593269297578,
E1_seed0,E1,0,120,129,9360000,9,True,1.6562557796597494e-05,0.002086954687214455,1260.043715979174,
E1_seed0,E1,0,130,139,10080000,9,True,1.2488711351048446e-05,0.002100486068826722,1681.9077723742755,
E1_seed1,E1,1,0,9,720000,9,True,7.524650335995605e-06,0.002070096635063786,2751.0868181622773,
E1_seed1,E1,1,10,19,1440000,9,True,-1.487452734255087e-05,0.0020730790378984502,,nonpositive_split_dot
E1_seed1,E1,1,20,29,2160000,9,True,1.7917301605968443e-05,0.0021421419128851158,1195.5717216768542,
E1_seed1,E1,1,30,39,2880000,9,True,-7.919226269895683e-06,0.0021057646186962136,,nonpositive_split_dot
E1_seed1,E1,1,40,49,3600000,9,True,2.9248981365176233e-06,0.002159727057323995,7383.939393853083,
E1_seed1,E1,1,50,59,4320000,9,True,-3.7083539227199156e-06,0.0021750032033255057,,nonpositive_split_dot
E1_seed1,E1,1,60,69,5040000,9,True,-7.158826144109977e-06,0.0027988781201485277,,nonpositive_split_dot
E1_seed1,E1,1,70,79,5760000,9,True,-1.0956299891987858e-05,0.002120673335934752,,nonpositive_split_dot
E1_seed1,E1,1,80,89,6480000,9,True,1.2702552453211663e-05,0.002108927296638501,1660.2389987417753,
E1_seed1,E1,1,90,99,7200000,9,True,-2.118506034376023e-07,0.0020691339271866806,,nonpositive_split_dot
E1_seed1,E1,1,100,109,7920000,9,True,-1.770269743258092e-06,0.001965405193525244,,nonpositive_split_dot
E1_seed1,E1,1,110,119,8640000,9,True,1.1768921637142319e-05,0.0019469509493965803,1654.3155009649047,
E1_seed1,E1,1,120,129,9360000,9,True,-3.687353980184282e-06,0.0021473164148245283,,nonpositive_split_dot
E1_seed1,E1,1,130,139,10080000,9,True,-3.9830713056303226e-06,0.002126860935487515,,nonpositive_split_dot
E1_seed2,E1,2,0,9,720000,9,True,-1.1628308005668406e-05,0.002034499888581512,,nonpositive_split_dot
E1_seed2,E1,2,10,19,1440000,9,True,-1.2989987607491529e-05,0.002123178748415885,,nonpositive_split_dot
E1_seed2,E1,2,20,29,2160000,9,True,-1.529240606079521e-06,0.002047220199000225,,nonpositive_split_dot
E1_seed2,E1,2,30,39,2880000,9,True,-1.2086870621343132e-05,0.003460675150066814,,nonpositive_split_dot
E1_seed2,E1,2,40,49,3600000,9,True,1.1605132848241424e-05,0.0020867322132687837,1798.111439616131,
E1_seed2,E1,2,50,59,4320000,9,True,-1.629951456067811e-05,0.002119606419405025,,nonpositive_split_dot
E1_seed2,E1,2,60,69,5040000,9,True,1.155377618775653e-05,0.002036753352990397,1762.846466723782,
E1_seed2,E1,2,70,79,5760000,9,True,-2.6241623367240752e-05,0.0020759478767582535,,nonpositive_split_dot
E1_seed2,E1,2,80,89,6480000,9,True,1.0547741306928439e-05,0.0019870270415446104,1883.8412734292244,
E1_seed2,E1,2,90,99,7200000,9,True,-9.935698750736955e-07,0.0019505058645140835,,nonpositive_split_dot
E1_seed2,E1,2,100,109,7920000,9,True,-5.324331138160959e-06,0.0034582563021699373,,nonpositive_split_dot
E1_seed2,E1,2,110,119,8640000,9,True,-1.386603080120879e-05,0.0019129719828193787,,nonpositive_split_dot
E1_seed2,E1,2,120,129,9360000,9,True,1.1502839953754416e-05,0.0018193363172934259,1581.6409900579483,
E1_seed2,E1,2,130,139,10080000,9,True,-9.181888159008958e-06,0.001912843659285855,,nonpositive_split_dot
E2_seed0,E2,0,0,9,720000,9,True,-72.46717129204876,10993.958323507137,,nonpositive_split_dot
E2_seed0,E2,0,10,19,1440000,9,True,-131.6287304735431,21945.139201834227,,nonpositive_split_dot
E2_seed0,E2,0,20,29,2160000,9,True,19.977876468569452,11851.375658786113,5932.249945298991,
E2_seed0,E2,0,30,39,2880000,9,True,-145.4691023507531,12929.674510653982,,nonpositive_split_dot
E2_seed0,E2,0,40,49,3600000,9,True,30.516367882943996,8814.790467324423,2888.5450919770587,
E2_seed0,E2,0,50,59,4320000,9,True,70.8321799298242,9336.462217039603,1318.1102468241902,
E2_seed0,E2,0,60,69,5040000,9,True,11.438604540036657,5311.468730812539,4643.4586598581,
E2_seed0,E2,0,70,79,5760000,9,True,-19.15780401982937,12538.570648498691,,nonpositive_split_dot
E2_seed0,E2,0,80,89,6480000,9,True,176.81543023021436,8726.520810064854,493.5384201878134,
E2_seed0,E2,0,90,99,7200000,9,True,-38.002594739568465,8359.839372553994,,nonpositive_split_dot
E2_seed0,E2,0,100,109,7920000,9,True,-113.5588886475463,8539.844254598525,,nonpositive_split_dot
E2_seed0,E2,0,110,119,8640000,9,True,-66.44502622833957,6747.621619917949,,nonpositive_split_dot
E2_seed0,E2,0,120,129,9360000,9,True,-62.16208353146003,6350.8441875183635,,nonpositive_split_dot
E2_seed0,E2,0,130,139,10080000,9,True,28.005945230691964,7313.723350468616,2611.4895570292847,
E2_seed1,E2,1,0,9,720000,9,True,-139.65123785759505,12543.814621349507,,nonpositive_split_dot
E2_seed1,E2,1,10,19,1440000,9,True,18.703332108494706,14229.614149168092,7608.063668347773,
E2_seed1,E2,1,20,29,2160000,9,True,96.23152071805087,12676.760724028247,1317.3189646633498,
E2_seed1,E2,1,30,39,2880000,9,True,-132.24995918729945,12778.143044379662,,nonpositive_split_dot
E2_seed1,E2,1,40,49,3600000,9,True,-51.440407064504214,12225.796378965193,,nonpositive_split_dot
E2_seed1,E2,1,50,59,4320000,9,True,-10.40990019192856,8926.30256538303,,nonpositive_split_dot
E2_seed1,E2,1,60,69,5040000,9,True,25.19612601477869,8619.694765183773,3421.0397106793016,
E2_seed1,E2,1,70,79,5760000,9,True,-71.28425223601559,9362.859335094694,,nonpositive_split_dot
E2_seed1,E2,1,80,89,6480000,9,True,-16.355646768063014,5840.69500209022,,nonpositive_split_dot
E2_seed1,E2,1,90,99,7200000,9,True,-31.150182513198875,10852.009403065735,,nonpositive_split_dot
E2_seed1,E2,1,100,109,7920000,9,True,-42.481086447343756,8496.369099506483,,nonpositive_split_dot
E2_seed1,E2,1,110,119,8640000,9,True,29.617268239687952,7755.280813681211,2618.4997046043973,
E2_seed1,E2,1,120,129,9360000,9,True,-35.66569809775936,5450.40371364848,,nonpositive_split_dot
E2_seed1,E2,1,130,139,10080000,9,True,-26.70351951016013,6792.481256144211,,nonpositive_split_dot
E2_seed2,E2,2,0,9,720000,9,True,-133.5413492268279,14068.92509241939,,nonpositive_split_dot
E2_seed2,E2,2,10,19,1440000,9,True,-27.159525079702643,14718.89202396232,,nonpositive_split_dot
E2_seed2,E2,2,20,29,2160000,9,True,-55.33051284002831,11125.535615820487,,nonpositive_split_dot
E2_seed2,E2,2,30,39,2880000,9,True,-77.64147696080136,10872.824244190095,,nonpositive_split_dot
E2_seed2,E2,2,40,49,3600000,9,True,99.30286661935415,11160.434001694455,1123.8783311739044,
E2_seed2,E2,2,50,59,4320000,9,True,-159.57607610297043,22059.13196967777,,nonpositive_split_dot
E2_seed2,E2,2,60,69,5040000,9,True,-95.09527215902166,9862.717612838462,,nonpositive_split_dot
E2_seed2,E2,2,70,79,5760000,9,True,25.957603187424894,10620.9683726559,4091.6598870735515,
E2_seed2,E2,2,80,89,6480000,9,True,-58.81051415890736,8605.708753010951,,nonpositive_split_dot
E2_seed2,E2,2,90,99,7200000,9,True,2.5224922555633116,8188.812251945243,32463.180942914547,
E2_seed2,E2,2,100,109,7920000,9,True,-54.138526827204984,8080.326010264827,,nonpositive_split_dot
E2_seed2,E2,2,110,119,8640000,9,True,121.03592708527297,8362.33698732154,690.8970905332972,
E2_seed2,E2,2,120,129,9360000,9,True,54.818729050563306,7968.864000867383,1453.6754388298787,
E2_seed2,E2,2,130,139,10080000,9,True,-68.48522280676403,11017.708627530143,,nonpositive_split_dot
SGD1_seed0,SGD1,0,0,9,720000,9,True,128.78218112209865,12862.4824017072,998.7781143038924,
SGD1_seed0,SGD1,0,10,19,1440000,9,True,-40.78531611868206,11655.113948169414,,nonpositive_split_dot
SGD1_seed0,SGD1,0,20,29,2160000,9,True,-77.14009512676063,14696.495147579291,,nonpositive_split_dot
SGD1_seed0,SGD1,0,30,39,2880000,9,True,-59.61594102304621,20551.056178913565,,nonpositive_split_dot
SGD1_seed0,SGD1,0,40,49,3600000,9,True,-166.9565675752929,17570.633048666998,,nonpositive_split_dot
SGD1_seed0,SGD1,0,50,59,4320000,9,True,1.1687863269297551,16348.86643577435,139879.00148285125,
SGD1_seed0,SGD1,0,60,69,5040000,9,True,-22.480721597438503,17341.8283681211,,nonpositive_split_dot
SGD1_seed0,SGD1,0,70,79,5760000,9,True,59.53992876621892,11846.489924163257,1989.6714977066924,
SGD1_seed0,SGD1,0,80,89,6480000,9,True,-64.51798939345665,14775.757156260743,,nonpositive_split_dot
SGD1_seed0,SGD1,0,90,99,7200000,9,True,-68.64482431344177,14874.446184351526,,nonpositive_split_dot
SGD1_seed0,SGD1,0,100,109,7920000,9,True,-6.272463851048769,13592.62678156203,,nonpositive_split_dot
SGD1_seed0,SGD1,0,110,119,8640000,9,True,-93.13611173662356,14585.531966849878,,nonpositive_split_dot
SGD1_seed0,SGD1,0,120,129,9360000,9,True,87.09922333082031,10134.00867608285,1163.5016121317012,
SGD1_seed0,SGD1,0,130,139,10080000,9,True,-26.30449439927967,14750.761546973728,,nonpositive_split_dot
SGD1_seed1,SGD1,1,0,9,720000,9,True,41.49423944543492,13989.515300923447,3371.4355264469204,
SGD1_seed1,SGD1,1,10,19,1440000,9,True,-0.3442819291968142,16250.70047602799,,nonpositive_split_dot
SGD1_seed1,SGD1,1,20,29,2160000,9,True,-100.69765380344344,17450.9056037788,,nonpositive_split_dot
SGD1_seed1,SGD1,1,30,39,2880000,9,True,-193.4335906335697,16542.98107864021,,nonpositive_split_dot
SGD1_seed1,SGD1,1,40,49,3600000,9,True,-172.36657809092503,18370.392969881323,,nonpositive_split_dot
SGD1_seed1,SGD1,1,50,59,4320000,9,True,22.57409026976658,13073.384729320198,5791.322960566587,
SGD1_seed1,SGD1,1,60,69,5040000,9,True,7.392415762991991,14158.926967947038,19153.315265125704,
SGD1_seed1,SGD1,1,70,79,5760000,9,True,137.01871174031203,13107.494863600117,956.6207926726395,
SGD1_seed1,SGD1,1,80,89,6480000,9,True,155.44751674569648,11976.838634850084,770.4747483643324,
SGD1_seed1,SGD1,1,90,99,7200000,9,True,-103.8891364840573,14772.955043750488,,nonpositive_split_dot
SGD1_seed1,SGD1,1,100,109,7920000,9,True,-150.3031983996416,15949.315507552616,,nonpositive_split_dot
SGD1_seed1,SGD1,1,110,119,8640000,9,True,7.03646373688462,13800.703951593601,19613.124529088862,
SGD1_seed1,SGD1,1,120,129,9360000,9,True,-200.9462323130304,15715.729577445638,,nonpositive_split_dot
SGD1_seed1,SGD1,1,130,139,10080000,9,True,82.49599413353425,14417.456689006607,1747.6553668375004,
SGD1_seed2,SGD1,2,0,9,720000,9,True,-39.030528711448476,15457.61379462881,,nonpositive_split_dot
SGD1_seed2,SGD1,2,10,19,1440000,9,True,221.43613409631573,15592.863973812018,704.1698066779724,
SGD1_seed2,SGD1,2,20,29,2160000,9,True,195.96127598441848,16050.25532795336,819.0523993745361,
SGD1_seed2,SGD1,2,30,39,2880000,9,True,-146.57558395800424,17975.001309211384,,nonpositive_split_dot
SGD1_seed2,SGD1,2,40,49,3600000,9,True,46.03894930738899,15774.419439326957,3426.3204692195814,
SGD1_seed2,SGD1,2,50,59,4320000,9,True,4.64590034277191,17278.204741989568,37190.21818638661,
SGD1_seed2,SGD1,2,60,69,5040000,9,True,-82.26271606536756,16541.909932995095,,nonpositive_split_dot
SGD1_seed2,SGD1,2,70,79,5760000,9,True,-36.86247910849952,11635.195340845636,,nonpositive_split_dot
SGD1_seed2,SGD1,2,80,89,6480000,9,True,-81.50386324395048,14165.895753335153,,nonpositive_split_dot
SGD1_seed2,SGD1,2,90,99,7200000,9,True,27.643850751139517,16100.520394906518,5824.268311911224,
SGD1_seed2,SGD1,2,100,109,7920000,9,True,92.53987137235325,14502.620102620831,1567.175303741946,
SGD1_seed2,SGD1,2,110,119,8640000,9,True,134.34305729862118,15981.09211372714,1189.573353106291,
SGD1_seed2,SGD1,2,120,129,9360000,9,True,-25.04208416194219,13378.75165745028,,nonpositive_split_dot
SGD1_seed2,SGD1,2,130,139,10080000,9,True,-223.68211755007962,17040.910513903124,,nonpositive_split_dot
SGD3_seed0,SGD3,0,0,9,720000,9,True,-210.7218648066605,21078.31686836191,,nonpositive_split_dot
SGD3_seed0,SGD3,0,10,19,1440000,9,True,-354.0767045955121,18819.363345788144,,nonpositive_split_dot
SGD3_seed0,SGD3,0,20,29,2160000,9,True,-75.93090854014149,14086.527556157036,,nonpositive_split_dot
SGD3_seed0,SGD3,0,30,39,2880000,9,True,217.9893813796515,12775.914626484684,586.0796771671223,
SGD3_seed0,SGD3,0,40,49,3600000,9,True,-277.02408347596304,16511.120746915425,,nonpositive_split_dot
SGD3_seed0,SGD3,0,50,59,4320000,9,True,21.29431868260912,16173.287260053214,7595.118445025336,
SGD3_seed0,SGD3,0,60,69,5040000,9,True,35.06148375847252,14078.817556193948,4015.4654187422507,
SGD3_seed0,SGD3,0,70,79,5760000,9,True,66.11545814709866,13646.25519402175,2064.0037256734317,
SGD3_seed0,SGD3,0,80,89,6480000,9,True,-90.30958678410902,13969.406143679244,,nonpositive_split_dot
SGD3_seed0,SGD3,0,90,99,7200000,9,True,-180.2791052981612,13478.845408088355,,nonpositive_split_dot
SGD3_seed0,SGD3,0,100,109,7920000,9,True,53.273897629684654,11546.842254058929,2167.448369241325,
SGD3_seed0,SGD3,0,110,119,8640000,9,True,-4.2699580979661675,18583.6336401697,,nonpositive_split_dot
SGD3_seed0,SGD3,0,120,129,9360000,9,True,-12.851898265661557,9392.84539117485,,nonpositive_split_dot
SGD3_seed0,SGD3,0,130,139,10080000,9,True,26.86449499592927,10197.096269769552,3795.7520777199425,
SGD3_seed1,SGD3,1,0,9,720000,9,True,-144.4999207741114,16101.031595528308,,nonpositive_split_dot
SGD3_seed1,SGD3,1,10,19,1440000,9,True,206.60493466479295,18072.11676249712,874.7185439601576,
SGD3_seed1,SGD3,1,20,29,2160000,9,True,136.5281642300082,13641.04588955673,999.1378677424931,
SGD3_seed1,SGD3,1,30,39,2880000,9,True,-385.97849125047844,19795.45639385824,,nonpositive_split_dot
SGD3_seed1,SGD3,1,40,49,3600000,9,True,56.034978124010564,13104.62068414837,2338.6500937230026,
SGD3_seed1,SGD3,1,50,59,4320000,9,True,-377.02458512538703,15697.494050861325,,nonpositive_split_dot
SGD3_seed1,SGD3,1,60,69,5040000,9,True,145.22054551975683,14104.183162045409,971.2250502547917,
SGD3_seed1,SGD3,1,70,79,5760000,9,True,131.42098050569106,17456.89775979963,1328.318940600483,
SGD3_seed1,SGD3,1,80,89,6480000,9,True,-15.824650223040507,19732.97035490329,,nonpositive_split_dot
SGD3_seed1,SGD3,1,90,99,7200000,9,True,91.5140478522496,15476.440616257369,1691.1546346681382,
SGD3_seed1,SGD3,1,100,109,7920000,9,True,-66.30382555114662,12298.172878069849,,nonpositive_split_dot
SGD3_seed1,SGD3,1,110,119,8640000,9,True,304.33402138816405,12076.560806276037,396.8192826812793,
SGD3_seed1,SGD3,1,120,129,9360000,9,True,17.258986302673073,14645.982370765556,8486.003820802145,
SGD3_seed1,SGD3,1,130,139,10080000,9,True,-106.87389292669002,12578.613638398652,,nonpositive_split_dot
SGD3_seed2,SGD3,2,0,9,720000,9,True,132.7656836123792,17596.46230767155,1325.3772984776647,
SGD3_seed2,SGD3,2,10,19,1440000,9,True,-132.16555343731784,15564.442010137476,,nonpositive_split_dot
SGD3_seed2,SGD3,2,20,29,2160000,9,True,175.66207751861893,16922.774377133497,963.3709572482884,
SGD3_seed2,SGD3,2,30,39,2880000,9,True,84.62639464615228,13250.798360133807,1565.7997029814721,
SGD3_seed2,SGD3,2,40,49,3600000,9,True,-273.64598074799795,15041.058424489565,,nonpositive_split_dot
SGD3_seed2,SGD3,2,50,59,4320000,9,True,-133.79742834431045,12657.155558854003,,nonpositive_split_dot
SGD3_seed2,SGD3,2,60,69,5040000,9,True,37.44470414103137,12383.798174396095,3307.22286595025,
SGD3_seed2,SGD3,2,70,79,5760000,9,True,-87.94896578554122,20378.717155175837,,nonpositive_split_dot
SGD3_seed2,SGD3,2,80,89,6480000,9,True,13.579896682312718,13647.306391170634,10049.639338527304,
SGD3_seed2,SGD3,2,90,99,7200000,9,True,-200.1247486810567,15878.635029047935,,nonpositive_split_dot
SGD3_seed2,SGD3,2,100,109,7920000,9,True,34.431387400472815,13259.178179113826,3850.898607394412,
SGD3_seed2,SGD3,2,110,119,8640000,9,True,35.07808066266457,11691.427413134672,3332.972383970389,
SGD3_seed2,SGD3,2,120,129,9360000,9,True,85.52050895399954,12086.69637055986,1413.3096865760176,
SGD3_seed2,SGD3,2,130,139,10080000,9,True,-62.418419670551316,10236.71798933195,,nonpositive_split_dot
SGD10_seed0,SGD10,0,0,9,720000,9,True,-54.94213373559192,18568.577595919985,,nonpositive_split_dot
SGD10_seed0,SGD10,0,10,19,1440000,9,True,-234.15020375507063,15457.1459833513,,nonpositive_split_dot
SGD10_seed0,SGD10,0,20,29,2160000,9,True,-195.26971570518248,16574.88849102303,,nonpositive_split_dot
SGD10_seed0,SGD10,0,30,39,2880000,9,True,2.031269570339102,14794.121246817116,72831.89519915554,
SGD10_seed0,SGD10,0,40,49,3600000,9,True,102.34145535445667,9277.733188371963,906.5469272680169,
SGD10_seed0,SGD10,0,50,59,4320000,9,True,-60.25064024783173,16646.500923547956,,nonpositive_split_dot
SGD10_seed0,SGD10,0,60,69,5040000,9,True,45.32889570130911,7894.368057975578,1741.5751996242843,
SGD10_seed0,SGD10,0,70,79,5760000,9,True,-67.42507511554555,11576.628495234436,,nonpositive_split_dot
SGD10_seed0,SGD10,0,80,89,6480000,9,True,-60.02459090598189,8881.114191323504,,nonpositive_split_dot
SGD10_seed0,SGD10,0,90,99,7200000,9,True,-34.81641217955226,12720.699275734583,,nonpositive_split_dot
SGD10_seed0,SGD10,0,100,109,7920000,9,True,-33.2939573126624,9957.993267313666,,nonpositive_split_dot
SGD10_seed0,SGD10,0,110,119,8640000,9,True,12.320732442019793,10397.620876902662,8439.125616786898,
SGD10_seed0,SGD10,0,120,129,9360000,9,True,-92.55624696495275,7562.671528006513,,nonpositive_split_dot
SGD10_seed0,SGD10,0,130,139,10080000,9,True,103.13246433839444,7628.220825130126,739.6527246843136,
SGD10_seed1,SGD10,1,0,9,720000,9,True,136.56149842234322,15117.915473061677,1107.0408312529319,
SGD10_seed1,SGD10,1,10,19,1440000,9,True,-75.34308222087152,14509.219460831897,,nonpositive_split_dot
SGD10_seed1,SGD10,1,20,29,2160000,9,True,108.75369024202499,13540.023517275375,1245.0173862737754,
SGD10_seed1,SGD10,1,30,39,2880000,9,True,-39.29177089879204,10996.242615153022,,nonpositive_split_dot
SGD10_seed1,SGD10,1,40,49,3600000,9,True,40.440730708313474,16972.200015465056,4196.808444901825,
SGD10_seed1,SGD10,1,50,59,4320000,9,True,-36.73062010335811,10384.615038245685,,nonpositive_split_dot
SGD10_seed1,SGD10,1,60,69,5040000,9,True,3.1652455694064336,11965.004163079655,37801.18761945983,
SGD10_seed1,SGD10,1,70,79,5760000,9,True,-105.87118625876732,10184.047573542048,,nonpositive_split_dot
SGD10_seed1,SGD10,1,80,89,6480000,9,True,3.8693983490510924,11996.63715888125,31003.882455842864,
SGD10_seed1,SGD10,1,90,99,7200000,9,True,-44.841395186492825,8322.305929497854,,nonpositive_split_dot
SGD10_seed1,SGD10,1,100,109,7920000,9,True,52.574276266676634,8903.252195590252,1693.4616751412013,
SGD10_seed1,SGD10,1,110,119,8640000,9,True,164.6501531949327,8284.528037057018,503.1594490682796,
SGD10_seed1,SGD10,1,120,129,9360000,9,True,-14.535586328812986,8621.51349112493,,nonpositive_split_dot
SGD10_seed1,SGD10,1,130,139,10080000,9,True,-80.13285338939833,9189.067945187046,,nonpositive_split_dot
SGD10_seed2,SGD10,2,0,9,720000,9,True,2.8392898095991974,12784.020402286347,45025.415718626406,
SGD10_seed2,SGD10,2,10,19,1440000,9,True,-95.32948271924135,9409.67830258652,,nonpositive_split_dot
SGD10_seed2,SGD10,2,20,29,2160000,9,True,25.63970478832174,11708.380785280297,4566.503741733087,
SGD10_seed2,SGD10,2,30,39,2880000,9,True,24.3438307414562,9716.158487887182,3991.220030683626,
SGD10_seed2,SGD10,2,40,49,3600000,9,True,86.76884437407666,7485.849241505678,862.7346941758019,
SGD10_seed2,SGD10,2,50,59,4320000,9,True,-38.55319852268207,7034.623626619583,,nonpositive_split_dot
SGD10_seed2,SGD10,2,60,69,5040000,9,True,-18.899249505471357,9700.87826922236,,nonpositive_split_dot
SGD10_seed2,SGD10,2,70,79,5760000,9,True,66.10445227833252,8113.30879510526,1227.3467997199655,
SGD10_seed2,SGD10,2,80,89,6480000,9,True,18.278822627155897,8047.4570880577585,4402.612384947633,
SGD10_seed2,SGD10,2,90,99,7200000,9,True,2.0957818888646678,5238.06371049718,24993.362803296088,
SGD10_seed2,SGD10,2,100,109,7920000,9,True,-135.32268404971433,10179.383250717925,,nonpositive_split_dot
SGD10_seed2,SGD10,2,110,119,8640000,9,True,-70.65929725885394,6878.705137435079,,nonpositive_split_dot
SGD10_seed2,SGD10,2,120,129,9360000,9,True,17.239469112166795,5939.8244838883165,3445.4799305253964,
SGD10_seed2,SGD10,2,130,139,10080000,9,True,73.1156958739854,6843.9158164128385,936.0392094480368,
E2_beta0_seed0,E2_beta0,0,0,9,720000,9,True,-8.355302791906034,17335.97258662892,,nonpositive_split_dot
E2_beta0_seed0,E2_beta0,0,10,19,1440000,9,True,-14.332013601649065,14670.344544944312,,nonpositive_split_dot
E2_beta0_seed0,E2_beta0,0,20,29,2160000,9,True,63.47717067001709,11102.203800250838,1749.007349109035,
E2_beta0_seed0,E2_beta0,0,30,39,2880000,9,True,-84.17995160733358,15255.044938241745,,nonpositive_split_dot
E2_beta0_seed0,E2_beta0,0,40,49,3600000,9,True,126.01964399964184,9814.822208844578,778.8327198315584,
E2_beta0_seed0,E2_beta0,0,50,59,4320000,9,True,0.45054919021358497,11463.116891984473,254425.4243704295,
E2_beta0_seed0,E2_beta0,0,60,69,5040000,9,True,-135.13215164910724,11464.576988333849,,nonpositive_split_dot
E2_beta0_seed0,E2_beta0,0,70,79,5760000,9,True,-7.717557500680974,8811.313958627572,,nonpositive_split_dot
E2_beta0_seed0,E2_beta0,0,80,89,6480000,9,True,88.42383611778044,8779.646506976194,992.9049555463433,
E2_beta0_seed0,E2_beta0,0,90,99,7200000,9,True,-0.4277494960831074,5874.452556864593,,nonpositive_split_dot
E2_beta0_seed0,E2_beta0,0,100,109,7920000,9,True,-52.04613814954111,7914.723992135274,,nonpositive_split_dot
E2_beta0_seed0,E2_beta0,0,110,119,8640000,9,True,63.67076293220729,10180.057097320234,1598.8589783601828,
E2_beta0_seed0,E2_beta0,0,120,129,9360000,9,True,-14.183814504431552,7613.090490708035,,nonpositive_split_dot
E2_beta0_seed0,E2_beta0,0,130,139,10080000,9,True,-2.4403843647101873,5812.929622718475,,nonpositive_split_dot
E2_beta0_seed1,E2_beta0,1,0,9,720000,9,True,-132.42299352790508,12788.28024074209,,nonpositive_split_dot
E2_beta0_seed1,E2_beta0,1,10,19,1440000,9,True,-47.09161944876426,19418.018636433735,,nonpositive_split_dot
E2_beta0_seed1,E2_beta0,1,20,29,2160000,9,True,39.42555761035458,13515.570694241427,3428.1241695594304,
E2_beta0_seed1,E2_beta0,1,30,39,2880000,9,True,10.335328458142769,8395.313687529144,8122.928769539812,
E2_beta0_seed1,E2_beta0,1,40,49,3600000,9,True,-1.6718720622266812,7832.943342275467,,nonpositive_split_dot
E2_beta0_seed1,E2_beta0,1,50,59,4320000,9,True,-31.756947865785047,7930.383394610823,,nonpositive_split_dot
E2_beta0_seed1,E2_beta0,1,60,69,5040000,9,True,98.05152417478863,8405.401365101903,857.2433152714959,
E2_beta0_seed1,E2_beta0,1,70,79,5760000,9,True,41.50796249810724,6173.561657654914,1487.3198504832483,
E2_beta0_seed1,E2_beta0,1,80,89,6480000,9,True,79.97656367654791,4394.040577690499,549.4160258574593,
E2_beta0_seed1,E2_beta0,1,90,99,7200000,9,True,-13.672855872807418,9213.350223074985,,nonpositive_split_dot
E2_beta0_seed1,E2_beta0,1,100,109,7920000,9,True,-93.2421219381682,8808.759296605993,,nonpositive_split_dot
E2_beta0_seed1,E2_beta0,1,110,119,8640000,9,True,93.07149170362891,14402.025864915247,1547.4153901794296,
E2_beta0_seed1,E2_beta0,1,120,129,9360000,9,True,117.7470833067612,10667.327794645042,905.9526142871778,
E2_beta0_seed1,E2_beta0,1,130,139,10080000,9,True,46.12317928759302,4994.006719599734,1082.75422395765,
E2_beta0_seed2,E2_beta0,2,0,9,720000,9,True,71.947082956314,15284.847078139746,2124.4568160491854,
E2_beta0_seed2,E2_beta0,2,10,19,1440000,9,True,69.96263075295904,13508.841562842,1930.865294437295,
E2_beta0_seed2,E2_beta0,2,20,29,2160000,9,True,-59.59621116640535,13543.511999536757,,nonpositive_split_dot
E2_beta0_seed2,E2_beta0,2,30,39,2880000,9,True,-8.292683292450064,7297.833624967871,,nonpositive_split_dot
E2_beta0_seed2,E2_beta0,2,40,49,3600000,9,True,-91.80275324233159,10510.974206046802,,nonpositive_split_dot
E2_beta0_seed2,E2_beta0,2,50,59,4320000,9,True,11.81881071637546,6853.019624313009,5798.400354121809,
E2_beta0_seed2,E2_beta0,2,60,69,5040000,9,True,2.358415032686242,7472.479439712535,31684.32755112385,
E2_beta0_seed2,E2_beta0,2,70,79,5760000,9,True,-48.13806175510806,11493.517973830538,,nonpositive_split_dot
E2_beta0_seed2,E2_beta0,2,80,89,6480000,9,True,-80.44485269021342,8425.786110608233,,nonpositive_split_dot
E2_beta0_seed2,E2_beta0,2,90,99,7200000,9,True,-28.70470100132775,8925.780340268624,,nonpositive_split_dot
E2_beta0_seed2,E2_beta0,2,100,109,7920000,9,True,-69.22310624116345,7564.379221492306,,nonpositive_split_dot
E2_beta0_seed2,E2_beta0,2,110,119,8640000,9,True,123.0334010777463,8547.794593840259,694.7539870444451,
E2_beta0_seed2,E2_beta0,2,120,129,9360000,9,True,5.75163976270289,8593.954927684696,14941.747540263379,
E2_beta0_seed2,E2_beta0,2,130,139,10080000,9,True,21.753712441089966,6826.647333797282,3138.1527876145974,
E2_nobase_seed0,E2_nobase,0,0,9,720000,9,True,2011.347708292915,463719.0459104065,2305.514078935548,
E2_nobase_seed0,E2_nobase,0,10,19,1440000,9,True,-2173.3661069326763,482542.44503879995,,nonpositive_split_dot
E2_nobase_seed0,E2_nobase,0,20,29,2160000,9,True,-4466.691936876192,486322.0498502519,,nonpositive_split_dot
E2_nobase_seed0,E2_nobase,0,30,39,2880000,9,True,6588.8695850581435,479652.5707014653,727.9739938838577,
E2_nobase_seed0,E2_nobase,0,40,49,3600000,9,True,721.1261142295539,476524.6629662833,6608.06277242364,
E2_nobase_seed0,E2_nobase,0,50,59,4320000,9,True,-1702.7013418295992,486760.5873293798,,nonpositive_split_dot
E2_nobase_seed0,E2_nobase,0,60,69,5040000,9,True,-1200.4781877434775,483827.3097759344,,nonpositive_split_dot
E2_nobase_seed0,E2_nobase,0,70,79,5760000,9,True,208.6559411374658,492688.7956710497,23612.497827054856,
E2_nobase_seed0,E2_nobase,0,80,89,6480000,9,True,-374.96942818865443,470938.8255311382,,nonpositive_split_dot
E2_nobase_seed0,E2_nobase,0,90,99,7200000,9,True,-4169.579736051462,510424.01279507054,,nonpositive_split_dot
E2_nobase_seed0,E2_nobase,0,100,109,7920000,9,True,-825.2189016634732,479668.7604843227,,nonpositive_split_dot
E2_nobase_seed0,E2_nobase,0,110,119,8640000,9,True,3282.132708896309,496407.5706270306,1512.4542931536698,
E2_nobase_seed0,E2_nobase,0,120,129,9360000,9,True,-7264.404622745355,520535.58903683804,,nonpositive_split_dot
E2_nobase_seed0,E2_nobase,0,130,139,10080000,9,True,-5137.947154151103,496667.4839476065,,nonpositive_split_dot
E2_nobase_seed1,E2_nobase,1,0,9,720000,9,True,-5275.27409692481,466372.9519392985,,nonpositive_split_dot
E2_nobase_seed1,E2_nobase,1,10,19,1440000,9,True,504.2271508053405,461819.7285575957,9158.96194443293,
E2_nobase_seed1,E2_nobase,1,20,29,2160000,9,True,3613.391236534057,445303.2164179952,1232.3692267686113,
E2_nobase_seed1,E2_nobase,1,30,39,2880000,9,True,6226.144645883589,432765.5289091327,695.077858808268,
E2_nobase_seed1,E2_nobase,1,40,49,3600000,9,True,-1446.8154262991754,458618.34022084257,,nonpositive_split_dot
E2_nobase_seed1,E2_nobase,1,50,59,4320000,9,True,-1733.3932011947218,458930.17613285553,,nonpositive_split_dot
E2_nobase_seed1,E2_nobase,1,60,69,5040000,9,True,-4689.810222252589,474113.65465538803,,nonpositive_split_dot
E2_nobase_seed1,E2_nobase,1,70,79,5760000,9,True,-2736.968572638614,467240.23817877064,,nonpositive_split_dot
E2_nobase_seed1,E2_nobase,1,80,89,6480000,9,True,-3156.2694909677043,472511.26258589554,,nonpositive_split_dot
E2_nobase_seed1,E2_nobase,1,90,99,7200000,9,True,-12007.832399381206,478375.7244258744,,nonpositive_split_dot
E2_nobase_seed1,E2_nobase,1,100,109,7920000,9,True,-495.19139153723427,467091.5949383838,,nonpositive_split_dot
E2_nobase_seed1,E2_nobase,1,110,119,8640000,9,True,-372.07657698094965,459121.11096389825,,nonpositive_split_dot
E2_nobase_seed1,E2_nobase,1,120,129,9360000,9,True,3421.6084452781683,453326.9150837511,1324.8941903605125,
E2_nobase_seed1,E2_nobase,1,130,139,10080000,9,True,-7597.465999107262,475563.721014683,,nonpositive_split_dot
E2_nobase_seed2,E2_nobase,2,0,9,720000,9,True,2414.042064976131,472123.30086461623,1955.7376721572762,
E2_nobase_seed2,E2_nobase,2,10,19,1440000,9,True,-8245.391298565235,490641.5324834412,,nonpositive_split_dot
E2_nobase_seed2,E2_nobase,2,20,29,2160000,9,True,4889.235185664033,460947.08928338677,942.7795386790809,
E2_nobase_seed2,E2_nobase,2,30,39,2880000,9,True,709.7473933204049,468609.69860368303,6602.485659177845,
E2_nobase_seed2,E2_nobase,2,40,49,3600000,9,True,2174.995040288814,465446.2736385541,2139.9877471754985,
E2_nobase_seed2,E2_nobase,2,50,59,4320000,9,True,4252.793634401909,461446.3305931987,1085.0428453909549,
E2_nobase_seed2,E2_nobase,2,60,69,5040000,9,True,-1982.0571915679775,480482.2769597159,,nonpositive_split_dot
E2_nobase_seed2,E2_nobase,2,70,79,5760000,9,True,-4064.451125850085,499166.95936842647,,nonpositive_split_dot
E2_nobase_seed2,E2_nobase,2,80,89,6480000,9,True,-357.11139385185584,501662.9832049989,,nonpositive_split_dot
E2_nobase_seed2,E2_nobase,2,90,99,7200000,9,True,-520.0555597318175,474084.56831943314,,nonpositive_split_dot
E2_nobase_seed2,E2_nobase,2,100,109,7920000,9,True,7109.307915424365,469337.5056397873,660.173270342549,
E2_nobase_seed2,E2_nobase,2,110,119,8640000,9,True,-1742.8507018506084,473507.09718353103,,nonpositive_split_dot
E2_nobase_seed2,E2_nobase,2,120,129,9360000,9,True,-1771.8020384494232,484988.6263281277,,nonpositive_split_dot
E2_nobase_seed2,E2_nobase,2,130,139,10080000,9,True,3986.8140944513325,462161.6286474848,1159.225430879008,
SGD03_seed0,SGD03,0,0,9,720000,9,True,-87.78051464958678,18387.550213297138,,nonpositive_split_dot
SGD03_seed0,SGD03,0,10,19,1440000,9,True,-31.84423259459288,18763.267775525463,,nonpositive_split_dot
SGD03_seed0,SGD03,0,20,29,2160000,9,True,-87.51787236136971,19471.203619065447,,nonpositive_split_dot
SGD03_seed0,SGD03,0,30,39,2880000,9,True,-118.96512172466362,12558.762716782912,,nonpositive_split_dot
SGD03_seed0,SGD03,0,40,49,3600000,9,True,110.74185106248244,19085.56101644076,1723.4280295416372,
SGD03_seed0,SGD03,0,50,59,4320000,9,True,52.74409758879216,13995.557973441448,2653.483254667614,
SGD03_seed0,SGD03,0,60,69,5040000,9,True,-209.38734872808763,20074.60565364127,,nonpositive_split_dot
SGD03_seed0,SGD03,0,70,79,5760000,9,True,-131.58053101751028,15808.93614480812,,nonpositive_split_dot
SGD03_seed0,SGD03,0,80,89,6480000,9,True,54.942784448335146,15405.421221848555,2803.902528153606,
SGD03_seed0,SGD03,0,90,99,7200000,9,True,-174.56416705118937,14262.312225837091,,nonpositive_split_dot
SGD03_seed0,SGD03,0,100,109,7920000,9,True,143.57401276685363,12497.094443533542,870.4287219322393,
SGD03_seed0,SGD03,0,110,119,8640000,9,True,-89.34282644163282,14077.536487062065,,nonpositive_split_dot
SGD03_seed0,SGD03,0,120,129,9360000,9,True,211.6097080961207,21266.9429955646,1005.0079075721987,
SGD03_seed0,SGD03,0,130,139,10080000,9,True,-7.184944852190277,15497.537695761555,,nonpositive_split_dot
SGD03_seed1,SGD03,1,0,9,720000,9,True,150.9681986727591,15407.659863612662,1020.5897665249709,
SGD03_seed1,SGD03,1,10,19,1440000,9,True,-17.635079787160954,15121.75952785445,,nonpositive_split_dot
SGD03_seed1,SGD03,1,20,29,2160000,9,True,72.84364874471262,15147.72839036472,2079.4851234664743,
SGD03_seed1,SGD03,1,30,39,2880000,9,True,119.75484640803111,15835.589000223008,1322.333874177223,
SGD03_seed1,SGD03,1,40,49,3600000,9,True,22.36518345302929,17072.86402921003,7633.679404001298,
SGD03_seed1,SGD03,1,50,59,4320000,9,True,11.895991276792614,15486.844789999894,13018.540808963538,
SGD03_seed1,SGD03,1,60,69,5040000,9,True,-113.64897570292524,17221.984655629065,,nonpositive_split_dot
SGD03_seed1,SGD03,1,70,79,5760000,9,True,100.3828691064569,15918.35313450041,1585.7639133245793,
SGD03_seed1,SGD03,1,80,89,6480000,9,True,59.8556088032315,12218.198462789162,2041.2787885852267,
SGD03_seed1,SGD03,1,90,99,7200000,9,True,30.284462010831536,17534.59985888354,5789.965776051136,
SGD03_seed1,SGD03,1,100,109,7920000,9,True,97.04936716624711,16967.15984707418,1748.3019562620298,
SGD03_seed1,SGD03,1,110,119,8640000,9,True,-93.37174440369921,16644.691289689858,,nonpositive_split_dot
SGD03_seed1,SGD03,1,120,129,9360000,9,True,-37.13607729511813,15515.095233653146,,nonpositive_split_dot
SGD03_seed1,SGD03,1,130,139,10080000,9,True,-137.6647912406798,14846.420790705843,,nonpositive_split_dot
SGD03_seed2,SGD03,2,0,9,720000,9,True,54.802760511107074,15251.209649100603,2782.927266229515,
SGD03_seed2,SGD03,2,10,19,1440000,9,True,55.258421668390454,16075.785546477167,2909.2009979852573,
SGD03_seed2,SGD03,2,20,29,2160000,9,True,-139.9899924655042,12756.638189490204,,nonpositive_split_dot
SGD03_seed2,SGD03,2,30,39,2880000,9,True,19.315766245265138,14658.384435818607,7588.818506960244,
SGD03_seed2,SGD03,2,40,49,3600000,9,True,-28.77358277808829,14547.368054670651,,nonpositive_split_dot
SGD03_seed2,SGD03,2,50,59,4320000,9,True,-106.7667977702758,22243.749039343296,,nonpositive_split_dot
SGD03_seed2,SGD03,2,60,69,5040000,9,True,79.80652357330274,20159.513141484684,2526.0482776158087,
SGD03_seed2,SGD03,2,70,79,5760000,9,True,100.57027553676748,17355.093471609493,1725.6682830966934,
SGD03_seed2,SGD03,2,80,89,6480000,9,True,-51.18345898649127,14592.396717529984,,nonpositive_split_dot
SGD03_seed2,SGD03,2,90,99,7200000,9,True,-53.94550942265812,15936.870370188402,,nonpositive_split_dot
SGD03_seed2,SGD03,2,100,109,7920000,9,True,191.9101147677691,14898.159438646064,776.3092350121494,
SGD03_seed2,SGD03,2,110,119,8640000,9,True,-134.63807103500542,15951.967390051777,,nonpositive_split_dot
SGD03_seed2,SGD03,2,120,129,9360000,9,True,113.0659406291667,15338.85992662502,1356.629577507639,
SGD03_seed2,SGD03,2,130,139,10080000,9,True,334.13496703497304,16192.45204673432,484.60812678247765,
