run,condition,seed,status,completed_iterations,summary_scope,eval_itr0,eval_itr130,eval_itr130_env_steps,minimum_eval_return,train_last10,J_disc_last10,median_kl,median_kl_observed_prefix,theta_dist_final,median_B_env,defined_noise_windows,nonpositive_noise_windows,zero_update_fraction,longest_zero_update_streak,x0_saturation_during_zero_updates,x0_saturation_mean,x0_saturation_last,action_oor_mean,policy_action_oor_mean,projection_fraction,seconds_per_training_iteration,actor_lr,wall_seconds,started_utc,ended_utc,collapse,nonfinite,first_reward_collapse_itr,nonfinite_evidence,failure_reason,result_read_error,checkpoint_eval_status,logdir,result_path,checkpoints,checkpoint_eval_path,manifest_path,ckpt_train_return,ckpt_train_return_se,ckpt_train_J_disc,ckpt_train_J_disc_se,delta_train_J_disc,ckpt_train_x0_saturation,ckpt_train_action_oor,ckpt_eval_return,ckpt_eval_return_se,ckpt_eval_J_disc,ckpt_eval_J_disc_se,delta_eval_J_disc,ckpt_eval_x0_saturation,ckpt_eval_action_oor,eval_gain,first_train_return,first_train_J_disc,grad_cos_prev_mean,J_disc_eval_itr130,eta_theory,median_kl_over_target
E0_seed0,E0,0,complete,140,full run,4320.198617183528,4603.354638576783,9360000,4320.198617183528,4286.499697893951,1503.1639858301392,0.0005293980830027655,0.0005293980830027655,0.9052821803001608,1535.1565709695803,8,6,0.0,0,,0.1031798449829456,0.037891081725366475,0.15040383597883597,0.15043075396825398,0.0,65.10063194850134,0.0001,8408.068593346048,2026-10-10T10:20:40.963606+00:00,2026-10-10T12:40:49.032188+00:00,False,False,,[],,,not_available,/soalnas/share/data/zbao7/diffusion_policy/results/stage3/E0_seed0,/soalnas/share/data/zbao7/diffusion_policy/results/stage3/E0_seed0/result.pkl,"[""/soalnas/share/data/zbao7/diffusion_policy/results/stage3/E0_seed0/checkpoint/state_0.pt"", ""/soalnas/share/data/zbao7/diffusion_policy/results/stage3/E0_seed0/checkpoint/state_35.pt"", ""/soalnas/share/data/zbao7/diffusion_policy/results/stage3/E0_seed0/checkpoint/state_70.pt"", ""/soalnas/share/data/zbao7/diffusion_policy/results/stage3/E0_seed0/checkpoint/state_105.pt"", ""/soalnas/share/data/zbao7/diffusion_policy/results/stage3/E0_seed0/checkpoint/state_139.pt""]",/soalnas/share/data/zbao7/diffusion_policy/results/stage3/ckpt_E0_seed0_seed5000/ckpt_eval.json,/soalnas/share/data/zbao7/diffusion_policy/results/stage3/runs/E0_seed0/manifest.json,,,,,,,,,,,,,,,283.1560213932553,3840.415328668142,1374.9489268498382,-0.001880925003771512,1606.897775430713,,0.905701251817181
E0_seed1,E0,1,complete,140,full run,4338.448829149639,4522.708828843165,9360000,4302.247437220023,4347.3023131739565,1526.784760402602,0.0005717157220683641,0.0005717157220683641,0.8849071628581452,2061.4400602141077,6,8,0.0,0,,0.11502037030765083,0.04775469538586036,0.15784867724867727,0.15787648809523808,0.0,67.31409704117547,0.0001,8693.06665597763,2026-10-10T10:20:41.053633+00:00,2026-10-10T12:45:34.120276+00:00,False,False,,[],,,not_available,/soalnas/share/data/zbao7/diffusion_policy/results/stage3/E0_seed1,/soalnas/share/data/zbao7/diffusion_policy/results/stage3/E0_seed1/result.pkl,"[""/soalnas/share/data/zbao7/diffusion_policy/results/stage3/E0_seed1/checkpoint/state_0.pt"", ""/soalnas/share/data/zbao7/diffusion_policy/results/stage3/E0_seed1/checkpoint/state_35.pt"", ""/soalnas/share/data/zbao7/diffusion_policy/results/stage3/E0_seed1/checkpoint/state_70.pt"", ""/soalnas/share/data/zbao7/diffusion_policy/results/stage3/E0_seed1/checkpoint/state_105.pt"", ""/soalnas/share/data/zbao7/diffusion_policy/results/stage3/E0_seed1/checkpoint/state_139.pt""]",/soalnas/share/data/zbao7/diffusion_policy/results/stage3/ckpt_E0_seed1_seed5000/ckpt_eval.json,/soalnas/share/data/zbao7/diffusion_policy/results/stage3/runs/E0_seed1/manifest.json,,,,,,,,,,,,,,,184.25999969352597,3835.871666726131,1355.93623590562,-0.0003604648580260038,1595.1970858715113,,0.9780988291908416
E0_seed2,E0,2,complete,140,full run,4223.336232895893,4470.785785703061,9360000,4223.336232895893,4275.265985499315,1499.7639116976775,0.0005838126808827943,0.0005838126808827943,0.87554517055441,2049.070930736794,7,7,0.0,0,,0.07028189486438216,0.020859680894181963,0.13789300595238094,0.1379178736772487,0.0,70.39408977069552,0.0001,9098.584872473963,2026-10-10T10:30:41.330397+00:00,2026-10-10T13:02:19.915259+00:00,False,False,,[],,,not_available,/soalnas/share/data/zbao7/diffusion_policy/results/stage3/E0_seed2,/soalnas/share/data/zbao7/diffusion_policy/results/stage3/E0_seed2/result.pkl,"[""/soalnas/share/data/zbao7/diffusion_policy/results/stage3/E0_seed2/checkpoint/state_0.pt"", ""/soalnas/share/data/zbao7/diffusion_policy/results/stage3/E0_seed2/checkpoint/state_35.pt"", ""/soalnas/share/data/zbao7/diffusion_policy/results/stage3/E0_seed2/checkpoint/state_70.pt"", ""/soalnas/share/data/zbao7/diffusion_policy/results/stage3/E0_seed2/checkpoint/state_105.pt"", ""/soalnas/share/data/zbao7/diffusion_policy/results/stage3/E0_seed2/checkpoint/state_139.pt""]",/soalnas/share/data/zbao7/diffusion_policy/results/stage3/ckpt_E0_seed2_seed5000/ckpt_eval.json,/soalnas/share/data/zbao7/diffusion_policy/results/stage3/runs/E0_seed2/manifest.json,,,,,,,,,,,,,,,247.4495528071684,3881.7967021323843,1396.2277334440782,0.0028218217828678833,1574.4546321034657,,0.9987944665442415
E1_seed0,E1,0,complete,140,full run,4267.496245679465,4683.418897191566,9360000,4267.496245679465,4422.374524228232,1552.73870259346,0.0004748029223308409,0.0004748029223308409,0.9266225448728422,1681.9077723742755,7,7,0.0,0,,0.09020321574202947,0.03985489751986882,0.15505762235449733,0.1550847552910053,0.0,67.63557599272046,0.0001,8736.126064182958,2026-10-10T10:44:40.323022+00:00,2026-10-10T13:10:16.449056+00:00,False,False,,[],,,not_available,/soalnas/share/data/zbao7/diffusion_policy/results/stage3/E1_seed0,/soalnas/share/data/zbao7/diffusion_policy/results/stage3/E1_seed0/result.pkl,"[""/soalnas/share/data/zbao7/diffusion_policy/results/stage3/E1_seed0/checkpoint/state_0.pt"", ""/soalnas/share/data/zbao7/diffusion_policy/results/stage3/E1_seed0/checkpoint/state_35.pt"", ""/soalnas/share/data/zbao7/diffusion_policy/results/stage3/E1_seed0/checkpoint/state_70.pt"", ""/soalnas/share/data/zbao7/diffusion_policy/results/stage3/E1_seed0/checkpoint/state_105.pt"", ""/soalnas/share/data/zbao7/diffusion_policy/results/stage3/E1_seed0/checkpoint/state_139.pt""]",/soalnas/share/data/zbao7/diffusion_policy/results/stage3/ckpt_E1_seed0_seed5000/ckpt_eval.json,/soalnas/share/data/zbao7/diffusion_policy/results/stage3/runs/E1_seed0/manifest.json,,,,,,,,,,,,,,,415.92265151210177,3896.0548238120537,1408.1735689674147,0.0027364930513268447,1628.0000321840896,,0.8122991278743485
E1_seed1,E1,1,complete,140,full run,4273.923810393402,4688.162149747566,9360000,4269.285218021565,4417.0213661133785,1549.4125307702327,0.0005306418183423419,0.0005306418183423419,0.9528455090859803,1660.2389987417753,5,9,0.0,0,,0.09482518875530613,0.05831500356637293,0.16204618055555559,0.1620738095238095,0.0,68.12341445968265,0.0001,8799.453440932557,2026-10-10T10:58:41.262865+00:00,2026-10-10T13:25:20.716297+00:00,False,False,,[],,,not_available,/soalnas/share/data/zbao7/diffusion_policy/results/stage3/E1_seed1,/soalnas/share/data/zbao7/diffusion_policy/results/stage3/E1_seed1/result.pkl,"[""/soalnas/share/data/zbao7/diffusion_policy/results/stage3/E1_seed1/checkpoint/state_0.pt"", ""/soalnas/share/data/zbao7/diffusion_policy/results/stage3/E1_seed1/checkpoint/state_35.pt"", ""/soalnas/share/data/zbao7/diffusion_policy/results/stage3/E1_seed1/checkpoint/state_70.pt"", ""/soalnas/share/data/zbao7/diffusion_policy/results/stage3/E1_seed1/checkpoint/state_105.pt"", ""/soalnas/share/data/zbao7/diffusion_policy/results/stage3/E1_seed1/checkpoint/state_139.pt""]",/soalnas/share/data/zbao7/diffusion_policy/results/stage3/ckpt_E1_seed1_seed5000/ckpt_eval.json,/soalnas/share/data/zbao7/diffusion_policy/results/stage3/runs/E1_seed1/manifest.json,,,,,,,,,,,,,,,414.23833935416405,3938.8617879855856,1383.735026485496,0.010468740466633455,1637.7288370026267,,0.9078290507083185
E1_seed2,E1,2,complete,140,full run,4220.6973480519255,4637.312972225814,9360000,4214.335604066864,4448.8675884541335,1557.3138192091594,0.0005450554701408507,0.0005450554701408507,0.9666624003853168,1780.4789531699566,4,10,0.0,0,,0.1155968197947444,0.06591120942301085,0.1649532572751323,0.16497997685185184,0.0,65.71359434581939,0.0001,8496.55129588896,2026-10-10T12:41:41.141372+00:00,2026-10-10T15:03:17.692656+00:00,False,False,,[],,,not_available,/soalnas/share/data/zbao7/diffusion_policy/results/stage3/E1_seed2,/soalnas/share/data/zbao7/diffusion_policy/results/stage3/E1_seed2/result.pkl,"[""/soalnas/share/data/zbao7/diffusion_policy/results/stage3/E1_seed2/checkpoint/state_0.pt"", ""/soalnas/share/data/zbao7/diffusion_policy/results/stage3/E1_seed2/checkpoint/state_35.pt"", ""/soalnas/share/data/zbao7/diffusion_policy/results/stage3/E1_seed2/checkpoint/state_70.pt"", ""/soalnas/share/data/zbao7/diffusion_policy/results/stage3/E1_seed2/checkpoint/state_105.pt"", ""/soalnas/share/data/zbao7/diffusion_policy/results/stage3/E1_seed2/checkpoint/state_139.pt""]",/soalnas/share/data/zbao7/diffusion_policy/results/stage3/ckpt_E1_seed2_seed5000/ckpt_eval.json,/soalnas/share/data/zbao7/diffusion_policy/results/stage3/runs/E1_seed2/manifest.json,,,,,,,,,,,,,,,416.61562417388814,4011.428124935209,1423.024743335975,0.009159465122809903,1620.0917325512441,,0.9324881171014588
E2_seed0,E2,0,complete,140,full run,4327.166105859978,4538.759572592604,9360000,4227.82602822887,4296.337057640032,1506.8327106541976,0.0003197497357333151,0.0003197497357333151,0.8629065691560073,2750.017324503172,6,8,0.0,0,,0.10836329159143405,0.05256132064134608,0.15937521494708992,0.15940239748677248,0.0,55.115346367397,0.0001,7143.9562463779,2026-10-10T12:45:41.738888+00:00,2026-10-10T14:44:45.695124+00:00,False,False,,[],,,not_available,/soalnas/share/data/zbao7/diffusion_policy/results/stage3/E2_seed0,/soalnas/share/data/zbao7/diffusion_policy/results/stage3/E2_seed0/result.pkl,"[""/soalnas/share/data/zbao7/diffusion_policy/results/stage3/E2_seed0/checkpoint/state_0.pt"", ""/soalnas/share/data/zbao7/diffusion_policy/results/stage3/E2_seed0/checkpoint/state_35.pt"", ""/soalnas/share/data/zbao7/diffusion_policy/results/stage3/E2_seed0/checkpoint/state_70.pt"", ""/soalnas/share/data/zbao7/diffusion_policy/results/stage3/E2_seed0/checkpoint/state_105.pt"", ""/soalnas/share/data/zbao7/diffusion_policy/results/stage3/E2_seed0/checkpoint/state_139.pt""]",/soalnas/share/data/zbao7/diffusion_policy/results/stage3/ckpt_E2_seed0_seed5000/ckpt_eval.json,/soalnas/share/data/zbao7/diffusion_policy/results/stage3/runs/E2_seed0/manifest.json,,,,,,,,,,,,,,,211.59346673262553,3867.916650214039,1401.244695762228,-0.0027729897751978226,1597.4636190256658,,0.5470320826990291
E2_seed1,E2,1,complete,140,full run,4361.329801364613,4625.030783570619,9360000,4361.329801364613,4323.023315954623,1517.721216235916,0.00045159304944885194,0.00045159304944885194,0.8851408891594513,3019.7697076418494,4,10,0.0,0,,0.10265369975171444,0.033766535394429656,0.14990887896825397,0.14993543320105818,0.0,55.41169643591321,0.0001,7187.483060310595,2026-10-10T13:02:41.033884+00:00,2026-10-10T15:02:28.516932+00:00,False,False,,[],,,not_available,/soalnas/share/data/zbao7/diffusion_policy/results/stage3/E2_seed1,/soalnas/share/data/zbao7/diffusion_policy/results/stage3/E2_seed1/result.pkl,"[""/soalnas/share/data/zbao7/diffusion_policy/results/stage3/E2_seed1/checkpoint/state_0.pt"", ""/soalnas/share/data/zbao7/diffusion_policy/results/stage3/E2_seed1/checkpoint/state_35.pt"", ""/soalnas/share/data/zbao7/diffusion_policy/results/stage3/E2_seed1/checkpoint/state_70.pt"", ""/soalnas/share/data/zbao7/diffusion_policy/results/stage3/E2_seed1/checkpoint/state_105.pt"", ""/soalnas/share/data/zbao7/diffusion_policy/results/stage3/E2_seed1/checkpoint/state_139.pt""]",/soalnas/share/data/zbao7/diffusion_policy/results/stage3/ckpt_E2_seed1_seed5000/ckpt_eval.json,/soalnas/share/data/zbao7/diffusion_policy/results/stage3/runs/E2_seed1/manifest.json,,,,,,,,,,,,,,,263.7009822060063,3945.469679214116,1395.8551237940646,0.002733593582203148,1616.556021125143,,0.7725913699533111
E2_seed2,E2,2,complete,140,full run,4302.6960015267305,4462.231803203337,9360000,4302.6960015267305,4300.402518788029,1505.625566797003,0.00035855726729586146,0.00035855726729586146,0.8809731020627425,1453.6754388298787,5,9,0.0,0,,0.08087193983920711,0.02616437339237142,0.14298983134920637,0.14301579034391532,0.0,56.16290507619343,0.0001,7278.53042714484,2026-10-10T13:06:40.105691+00:00,2026-10-10T15:07:58.636108+00:00,False,False,,[],,,not_available,/soalnas/share/data/zbao7/diffusion_policy/results/stage3/E2_seed2,/soalnas/share/data/zbao7/diffusion_policy/results/stage3/E2_seed2/result.pkl,"[""/soalnas/share/data/zbao7/diffusion_policy/results/stage3/E2_seed2/checkpoint/state_0.pt"", ""/soalnas/share/data/zbao7/diffusion_policy/results/stage3/E2_seed2/checkpoint/state_35.pt"", ""/soalnas/share/data/zbao7/diffusion_policy/results/stage3/E2_seed2/checkpoint/state_70.pt"", ""/soalnas/share/data/zbao7/diffusion_policy/results/stage3/E2_seed2/checkpoint/state_105.pt"", ""/soalnas/share/data/zbao7/diffusion_policy/results/stage3/E2_seed2/checkpoint/state_139.pt""]",/soalnas/share/data/zbao7/diffusion_policy/results/stage3/ckpt_E2_seed2_seed5000/ckpt_eval.json,/soalnas/share/data/zbao7/diffusion_policy/results/stage3/runs/E2_seed2/manifest.json,,,,,,,,,,,,,,,159.53580167660675,3956.004880406057,1385.1095276203312,-0.005796509319348871,1573.7543881027184,,0.6134245216681543
SGD1_seed0,SGD1,0,complete,140,full run,4248.686167312797,4347.8596432751265,9360000,4200.491516405129,3992.528397668838,1417.1254217033747,0.0003301541117710575,0.0003301541117710575,0.029837007744353338,1576.5865549191967,4,10,0.0,0,,0.066318716009422,0.030152992779222298,0.14403356481481486,0.14405876322751318,0.0,57.03868507392823,0.00012107235674859004,7384.866158404038,2026-10-10T13:10:41.038238+00:00,2026-10-10T15:13:45.904384+00:00,False,False,,[],,,not_available,/soalnas/share/data/zbao7/diffusion_policy/results/stage3/SGD1_seed0,/soalnas/share/data/zbao7/diffusion_policy/results/stage3/SGD1_seed0/result.pkl,"[""/soalnas/share/data/zbao7/diffusion_policy/results/stage3/SGD1_seed0/checkpoint/state_0.pt"", ""/soalnas/share/data/zbao7/diffusion_policy/results/stage3/SGD1_seed0/checkpoint/state_35.pt"", ""/soalnas/share/data/zbao7/diffusion_policy/results/stage3/SGD1_seed0/checkpoint/state_70.pt"", ""/soalnas/share/data/zbao7/diffusion_policy/results/stage3/SGD1_seed0/checkpoint/state_105.pt"", ""/soalnas/share/data/zbao7/diffusion_policy/results/stage3/SGD1_seed0/checkpoint/state_139.pt""]",/soalnas/share/data/zbao7/diffusion_policy/results/stage3/ckpt_SGD1_seed0_seed5000/ckpt_eval.json,/soalnas/share/data/zbao7/diffusion_policy/results/stage3/runs/SGD1_seed0/manifest.json,,,,,,,,,,,,,,,99.17347596232958,4033.255060990331,1418.755461807776,-0.00301312230239439,1513.7706450830062,4.842894269943602e-08,0.5648320270212883
SGD1_seed1,SGD1,1,complete,140,full run,4294.515002550713,4307.127948997561,9360000,4240.232745477752,3982.01244957182,1410.169017519813,0.0003619517507222462,0.0003619517507222462,0.029659066036312652,3371.4355264469204,7,7,0.0,0,,0.06775020160006805,0.014525799939734385,0.1328996858465608,0.13292569444444444,0.0,56.884922351155964,0.00012107235674859004,7369.8916816767305,2026-10-10T13:25:40.976758+00:00,2026-10-10T15:28:30.868430+00:00,False,False,,[],,,not_available,/soalnas/share/data/zbao7/diffusion_policy/results/stage3/SGD1_seed1,/soalnas/share/data/zbao7/diffusion_policy/results/stage3/SGD1_seed1/result.pkl,"[""/soalnas/share/data/zbao7/diffusion_policy/results/stage3/SGD1_seed1/checkpoint/state_0.pt"", ""/soalnas/share/data/zbao7/diffusion_policy/results/stage3/SGD1_seed1/checkpoint/state_35.pt"", ""/soalnas/share/data/zbao7/diffusion_policy/results/stage3/SGD1_seed1/checkpoint/state_70.pt"", ""/soalnas/share/data/zbao7/diffusion_policy/results/stage3/SGD1_seed1/checkpoint/state_105.pt"", ""/soalnas/share/data/zbao7/diffusion_policy/results/stage3/SGD1_seed1/checkpoint/state_139.pt""]",/soalnas/share/data/zbao7/diffusion_policy/results/stage3/ckpt_SGD1_seed1_seed5000/ckpt_eval.json,/soalnas/share/data/zbao7/diffusion_policy/results/stage3/runs/SGD1_seed1/manifest.json,,,,,,,,,,,,,,,12.612946446848582,3940.6047286163766,1366.2449645122256,0.0021477323819498943,1498.330581870407,4.842894269943602e-08,0.6192318488709868
SGD1_seed2,SGD1,2,complete,140,full run,4386.180943373419,4437.380161541397,9360000,4279.231438233035,3967.7742758320846,1410.4018702463932,0.00033147119973552593,0.00033147119973552593,0.030163674333458314,1567.175303741946,7,7,0.0,0,,0.06974364140816738,0.027220970852303145,0.14420628306878308,0.14423182870370374,0.0,57.095312485619196,0.00012107235674859004,7399.5322775077075,2026-10-10T14:45:43.039964+00:00,2026-10-10T16:49:02.572208+00:00,False,False,,[],,,not_available,/soalnas/share/data/zbao7/diffusion_policy/results/stage3/SGD1_seed2,/soalnas/share/data/zbao7/diffusion_policy/results/stage3/SGD1_seed2/result.pkl,"[""/soalnas/share/data/zbao7/diffusion_policy/results/stage3/SGD1_seed2/checkpoint/state_0.pt"", ""/soalnas/share/data/zbao7/diffusion_policy/results/stage3/SGD1_seed2/checkpoint/state_35.pt"", ""/soalnas/share/data/zbao7/diffusion_policy/results/stage3/SGD1_seed2/checkpoint/state_70.pt"", ""/soalnas/share/data/zbao7/diffusion_policy/results/stage3/SGD1_seed2/checkpoint/state_105.pt"", ""/soalnas/share/data/zbao7/diffusion_policy/results/stage3/SGD1_seed2/checkpoint/state_139.pt""]",/soalnas/share/data/zbao7/diffusion_policy/results/stage3/ckpt_SGD1_seed2_seed5000/ckpt_eval.json,/soalnas/share/data/zbao7/diffusion_policy/results/stage3/runs/SGD1_seed2/manifest.json,,,,,,,,,,,,,,,51.19921816797796,3879.7575852469117,1399.6163553959072,0.0033053652383635,1567.5795362428457,4.842894269943602e-08,0.5670853185545827
SGD3_seed0,SGD3,0,complete,140,full run,4383.246011689307,4526.845846701112,9360000,4236.769698100245,4101.142074650711,1457.1735380079356,0.002438727374174405,0.002438727374174405,0.08803893150872384,2981.6002234806338,6,8,0.0,0,,0.08009135548315234,0.06545755987790354,0.16046665013227512,0.16049333664021165,0.0,54.494226692214845,0.0003632170702457701,7069.566196158528,2026-10-10T15:02:42.985612+00:00,2026-10-10T17:00:32.551797+00:00,False,False,,[],,,not_available,/soalnas/share/data/zbao7/diffusion_policy/results/stage3/SGD3_seed0,/soalnas/share/data/zbao7/diffusion_policy/results/stage3/SGD3_seed0/result.pkl,"[""/soalnas/share/data/zbao7/diffusion_policy/results/stage3/SGD3_seed0/checkpoint/state_0.pt"", ""/soalnas/share/data/zbao7/diffusion_policy/results/stage3/SGD3_seed0/checkpoint/state_35.pt"", ""/soalnas/share/data/zbao7/diffusion_policy/results/stage3/SGD3_seed0/checkpoint/state_70.pt"", ""/soalnas/share/data/zbao7/diffusion_policy/results/stage3/SGD3_seed0/checkpoint/state_105.pt"", ""/soalnas/share/data/zbao7/diffusion_policy/results/stage3/SGD3_seed0/checkpoint/state_139.pt""]",/soalnas/share/data/zbao7/diffusion_policy/results/stage3/ckpt_SGD3_seed0_seed5000/ckpt_eval.json,/soalnas/share/data/zbao7/diffusion_policy/results/stage3/runs/SGD3_seed0/manifest.json,,,,,,,,,,,,,,,143.59983501180523,4035.5809996254275,1426.8625976300143,0.0005355231494283891,1591.29413552356,1.4528682809830805e-07,4.17220709055542
SGD3_seed1,SGD3,1,complete,140,full run,4368.768367081254,4359.308350897525,9360000,4289.994340450709,4050.1678438101517,1434.3069732406102,0.0030885576393421188,0.0030885576393421188,0.08582158939971225,1163.7284041714881,8,6,0.0,0,,0.08125303969904935,0.025394074986766633,0.14247253637566135,0.142498578042328,0.0,56.164188265800476,0.0003632170702457701,7277.545805695001,2026-10-10T15:03:43.105241+00:00,2026-10-10T17:05:00.651034+00:00,False,False,,[],,,not_available,/soalnas/share/data/zbao7/diffusion_policy/results/stage3/SGD3_seed1,/soalnas/share/data/zbao7/diffusion_policy/results/stage3/SGD3_seed1/result.pkl,"[""/soalnas/share/data/zbao7/diffusion_policy/results/stage3/SGD3_seed1/checkpoint/state_0.pt"", ""/soalnas/share/data/zbao7/diffusion_policy/results/stage3/SGD3_seed1/checkpoint/state_35.pt"", ""/soalnas/share/data/zbao7/diffusion_policy/results/stage3/SGD3_seed1/checkpoint/state_70.pt"", ""/soalnas/share/data/zbao7/diffusion_policy/results/stage3/SGD3_seed1/checkpoint/state_105.pt"", ""/soalnas/share/data/zbao7/diffusion_policy/results/stage3/SGD3_seed1/checkpoint/state_139.pt""]",/soalnas/share/data/zbao7/diffusion_policy/results/stage3/ckpt_SGD3_seed1_seed5000/ckpt_eval.json,/soalnas/share/data/zbao7/diffusion_policy/results/stage3/runs/SGD3_seed1/manifest.json,,,,,,,,,,,,,,,-9.46001618372884,3894.8100681711667,1392.2512741769167,-0.00017224615861814762,1541.4414354707983,1.4528682809830805e-07,5.283945314639649
SGD3_seed2,SGD3,2,complete,140,full run,4246.587528486351,4427.957847822273,9360000,4221.302107096448,4126.042429520146,1459.7694719599222,0.0023003374893762066,0.0023003374893762066,0.08879894392158379,2436.511284465861,8,6,0.0,0,,0.07707009676670573,0.048302206231324,0.1549203538359788,0.15494649470899471,0.0,58.14344452108656,0.0003632170702457701,7533.723838460632,2026-10-10T15:08:41.983538+00:00,2026-10-10T17:14:15.707365+00:00,False,False,,[],,,not_available,/soalnas/share/data/zbao7/diffusion_policy/results/stage3/SGD3_seed2,/soalnas/share/data/zbao7/diffusion_policy/results/stage3/SGD3_seed2/result.pkl,"[""/soalnas/share/data/zbao7/diffusion_policy/results/stage3/SGD3_seed2/checkpoint/state_0.pt"", ""/soalnas/share/data/zbao7/diffusion_policy/results/stage3/SGD3_seed2/checkpoint/state_35.pt"", ""/soalnas/share/data/zbao7/diffusion_policy/results/stage3/SGD3_seed2/checkpoint/state_70.pt"", ""/soalnas/share/data/zbao7/diffusion_policy/results/stage3/SGD3_seed2/checkpoint/state_105.pt"", ""/soalnas/share/data/zbao7/diffusion_policy/results/stage3/SGD3_seed2/checkpoint/state_139.pt""]",/soalnas/share/data/zbao7/diffusion_policy/results/stage3/ckpt_SGD3_seed2_seed5000/ckpt_eval.json,/soalnas/share/data/zbao7/diffusion_policy/results/stage3/runs/SGD3_seed2/manifest.json,,,,,,,,,,,,,,,181.37031933592152,3918.9489079739556,1388.2140855441423,0.007043983463601366,1581.997978869104,1.4528682809830805e-07,3.935447842789295
SGD10_seed0,SGD10,0,complete,140,full run,4255.233936434556,4533.028460231749,9360000,4253.614836068731,4261.506128092926,1499.8001011709541,0.026124461906248668,0.026124461906248668,0.25205655700678503,1741.5751996242843,5,9,0.0,0,,0.11398304639708143,0.037883327633034515,0.1465049272486773,0.14653133267195767,0.0,55.57193023439438,0.0012107235674859004,7203.576408669003,2026-10-10T15:14:43.079435+00:00,2026-10-10T17:14:46.655833+00:00,False,False,,[],,,not_available,/soalnas/share/data/zbao7/diffusion_policy/results/stage3/SGD10_seed0,/soalnas/share/data/zbao7/diffusion_policy/results/stage3/SGD10_seed0/result.pkl,"[""/soalnas/share/data/zbao7/diffusion_policy/results/stage3/SGD10_seed0/checkpoint/state_0.pt"", ""/soalnas/share/data/zbao7/diffusion_policy/results/stage3/SGD10_seed0/checkpoint/state_35.pt"", ""/soalnas/share/data/zbao7/diffusion_policy/results/stage3/SGD10_seed0/checkpoint/state_70.pt"", ""/soalnas/share/data/zbao7/diffusion_policy/results/stage3/SGD10_seed0/checkpoint/state_105.pt"", ""/soalnas/share/data/zbao7/diffusion_policy/results/stage3/SGD10_seed0/checkpoint/state_139.pt""]",/soalnas/share/data/zbao7/diffusion_policy/results/stage3/ckpt_SGD10_seed0_seed5000/ckpt_eval.json,/soalnas/share/data/zbao7/diffusion_policy/results/stage3/runs/SGD10_seed0/manifest.json,,,,,,,,,,,,,,,277.7945237971926,3872.5280962188613,1373.354302516996,0.005709019911299302,1586.258577784264,4.842894269943602e-07,44.69407542493137
SGD10_seed1,SGD10,1,complete,140,full run,4267.157736599802,4504.8838272876455,9360000,4250.111964922371,4270.9378382149325,1510.3266779036444,0.017679598755710683,0.017679598755710683,0.2570544817881902,1693.4616751412013,7,7,0.0,0,,0.13162890376618164,0.1389266098268552,0.178273544973545,0.17830233134920634,0.0,56.71196713901701,0.0012107235674859004,7354.813452131115,2026-10-10T15:28:43.065716+00:00,2026-10-10T17:31:17.879145+00:00,False,False,,[],,,not_available,/soalnas/share/data/zbao7/diffusion_policy/results/stage3/SGD10_seed1,/soalnas/share/data/zbao7/diffusion_policy/results/stage3/SGD10_seed1/result.pkl,"[""/soalnas/share/data/zbao7/diffusion_policy/results/stage3/SGD10_seed1/checkpoint/state_0.pt"", ""/soalnas/share/data/zbao7/diffusion_policy/results/stage3/SGD10_seed1/checkpoint/state_35.pt"", ""/soalnas/share/data/zbao7/diffusion_policy/results/stage3/SGD10_seed1/checkpoint/state_70.pt"", ""/soalnas/share/data/zbao7/diffusion_policy/results/stage3/SGD10_seed1/checkpoint/state_105.pt"", ""/soalnas/share/data/zbao7/diffusion_policy/results/stage3/SGD10_seed1/checkpoint/state_139.pt""]",/soalnas/share/data/zbao7/diffusion_policy/results/stage3/ckpt_SGD10_seed1_seed5000/ckpt_eval.json,/soalnas/share/data/zbao7/diffusion_policy/results/stage3/runs/SGD10_seed1/manifest.json,,,,,,,,,,,,,,,237.72609068784368,3948.9583269147524,1398.8409548384354,0.003058413516219467,1579.8614706529777,4.842894269943602e-07,30.246491702141267
SGD10_seed2,SGD10,2,complete,140,full run,4416.71871727392,4337.116798739024,9360000,4217.415529857581,4073.9502213438145,1428.9587505738484,0.02038812411030741,0.02038812411030741,0.21595977181962747,3991.220030683626,9,5,0.0,0,,0.11964479273046559,0.009220114691039068,0.10282316468253967,0.10284446097883598,0.0,57.278485769317264,0.0012107235674859004,7414.273795028217,2026-10-10T16:49:43.953347+00:00,2026-10-10T18:53:18.227129+00:00,False,False,,[],,,not_available,/soalnas/share/data/zbao7/diffusion_policy/results/stage3/SGD10_seed2,/soalnas/share/data/zbao7/diffusion_policy/results/stage3/SGD10_seed2/result.pkl,"[""/soalnas/share/data/zbao7/diffusion_policy/results/stage3/SGD10_seed2/checkpoint/state_0.pt"", ""/soalnas/share/data/zbao7/diffusion_policy/results/stage3/SGD10_seed2/checkpoint/state_35.pt"", ""/soalnas/share/data/zbao7/diffusion_policy/results/stage3/SGD10_seed2/checkpoint/state_70.pt"", ""/soalnas/share/data/zbao7/diffusion_policy/results/stage3/SGD10_seed2/checkpoint/state_105.pt"", ""/soalnas/share/data/zbao7/diffusion_policy/results/stage3/SGD10_seed2/checkpoint/state_139.pt""]",/soalnas/share/data/zbao7/diffusion_policy/results/stage3/ckpt_SGD10_seed2_seed5000/ckpt_eval.json,/soalnas/share/data/zbao7/diffusion_policy/results/stage3/runs/SGD10_seed2/manifest.json,,,,,,,,,,,,,,,-79.60191853489687,3946.583121476104,1408.2903682508575,0.0011638439158884336,1509.8541895551136,4.842894269943602e-07,34.880272750842224
E2_beta0_seed0,E2_beta0,0,complete,140,full run,4309.07445545837,4596.120310854776,9360000,4309.07445545837,4295.181372947525,1509.2513251490616,0.004987645365366878,0.004987645365366878,0.8317458159178462,1598.8589783601828,5,9,0.0,0,,0.08447097833549512,0.03204071194820009,0.148862748015873,0.1488900132275132,0.0,57.375812600529386,0.0001,7445.88478325028,2026-10-10T17:00:43.261796+00:00,2026-10-10T19:04:49.146568+00:00,False,False,,[],,,not_available,/soalnas/share/data/zbao7/diffusion_policy/results/stage3/E2_beta0_seed0,/soalnas/share/data/zbao7/diffusion_policy/results/stage3/E2_beta0_seed0/result.pkl,"[""/soalnas/share/data/zbao7/diffusion_policy/results/stage3/E2_beta0_seed0/checkpoint/state_0.pt"", ""/soalnas/share/data/zbao7/diffusion_policy/results/stage3/E2_beta0_seed0/checkpoint/state_35.pt"", ""/soalnas/share/data/zbao7/diffusion_policy/results/stage3/E2_beta0_seed0/checkpoint/state_70.pt"", ""/soalnas/share/data/zbao7/diffusion_policy/results/stage3/E2_beta0_seed0/checkpoint/state_105.pt"", ""/soalnas/share/data/zbao7/diffusion_policy/results/stage3/E2_beta0_seed0/checkpoint/state_139.pt""]",/soalnas/share/data/zbao7/diffusion_policy/results/stage3/ckpt_E2_beta0_seed0_seed5000/ckpt_eval.json,/soalnas/share/data/zbao7/diffusion_policy/results/stage3/runs/E2_beta0_seed0/manifest.json,,,,,,,,,,,,,,,287.0458553964063,3841.389586949446,1375.6825347646106,-0.007800794555144594,1607.2077597227988,,8.532929748084005
E2_beta0_seed1,E2_beta0,1,complete,140,full run,4339.250641936259,4541.722424000732,9360000,4246.440880498577,4287.1744351622165,1504.555097744246,0.0061048140759259895,0.0061048140759259895,0.886381231005022,1285.0370372204493,8,6,0.0,0,,0.08817154173015296,0.03651100119452964,0.1462451058201058,0.1462707175925926,0.0,56.58900707865518,0.0001,7337.406283229007,2026-10-10T17:05:44.043676+00:00,2026-10-10T19:08:01.449949+00:00,False,False,,[],,,not_available,/soalnas/share/data/zbao7/diffusion_policy/results/stage3/E2_beta0_seed1,/soalnas/share/data/zbao7/diffusion_policy/results/stage3/E2_beta0_seed1/result.pkl,"[""/soalnas/share/data/zbao7/diffusion_policy/results/stage3/E2_beta0_seed1/checkpoint/state_0.pt"", ""/soalnas/share/data/zbao7/diffusion_policy/results/stage3/E2_beta0_seed1/checkpoint/state_35.pt"", ""/soalnas/share/data/zbao7/diffusion_policy/results/stage3/E2_beta0_seed1/checkpoint/state_70.pt"", ""/soalnas/share/data/zbao7/diffusion_policy/results/stage3/E2_beta0_seed1/checkpoint/state_105.pt"", ""/soalnas/share/data/zbao7/diffusion_policy/results/stage3/E2_beta0_seed1/checkpoint/state_139.pt""]",/soalnas/share/data/zbao7/diffusion_policy/results/stage3/ckpt_E2_beta0_seed1_seed5000/ckpt_eval.json,/soalnas/share/data/zbao7/diffusion_policy/results/stage3/runs/E2_beta0_seed1/manifest.json,,,,,,,,,,,,,,,202.4717820644728,4032.0823149576195,1431.9908892051835,-0.0043041564558623045,1589.118837871108,,10.444196774034092
E2_beta0_seed2,E2_beta0,2,complete,140,full run,4311.956546165986,4624.790053763068,9360000,4311.956546165986,4321.811766765355,1520.4215757086047,0.005570138803809925,0.005570138803809925,0.8504159147349891,3138.1527876145974,7,7,0.0,0,,0.08643889966669935,0.035526809930700655,0.15238105158730164,0.15240816798941795,0.0,57.17848323640369,0.0001,7413.1111225206405,2026-10-10T17:14:42.076869+00:00,2026-10-10T19:18:15.187979+00:00,False,False,,[],,,not_available,/soalnas/share/data/zbao7/diffusion_policy/results/stage3/E2_beta0_seed2,/soalnas/share/data/zbao7/diffusion_policy/results/stage3/E2_beta0_seed2/result.pkl,"[""/soalnas/share/data/zbao7/diffusion_policy/results/stage3/E2_beta0_seed2/checkpoint/state_0.pt"", ""/soalnas/share/data/zbao7/diffusion_policy/results/stage3/E2_beta0_seed2/checkpoint/state_35.pt"", ""/soalnas/share/data/zbao7/diffusion_policy/results/stage3/E2_beta0_seed2/checkpoint/state_70.pt"", ""/soalnas/share/data/zbao7/diffusion_policy/results/stage3/E2_beta0_seed2/checkpoint/state_105.pt"", ""/soalnas/share/data/zbao7/diffusion_policy/results/stage3/E2_beta0_seed2/checkpoint/state_139.pt""]",/soalnas/share/data/zbao7/diffusion_policy/results/stage3/ckpt_E2_beta0_seed2_seed5000/ckpt_eval.json,/soalnas/share/data/zbao7/diffusion_policy/results/stage3/runs/E2_beta0_seed2/manifest.json,,,,,,,,,,,,,,,312.83350759708173,3870.236645822753,1384.4307696810022,0.0006339883180807067,1621.9582636179641,,9.529467237190111
E2_nobase_seed0,E2_nobase,0,complete,140,full run,4189.329557806731,4391.945126536777,9360000,4189.329557806731,4088.849468547909,1444.339761375172,0.00036552911457956005,0.00036552911457956005,0.861532252881964,2305.514078935548,5,9,0.0,0,,0.08631447758485193,0.03270846061092701,0.14737212301587302,0.14739842923280422,0.0,56.78235969846211,0.0001,7354.557615067926,2026-10-10T17:15:43.100161+00:00,2026-10-10T19:18:17.657757+00:00,False,False,,[],,,not_available,/soalnas/share/data/zbao7/diffusion_policy/results/stage3/E2_nobase_seed0,/soalnas/share/data/zbao7/diffusion_policy/results/stage3/E2_nobase_seed0/result.pkl,"[""/soalnas/share/data/zbao7/diffusion_policy/results/stage3/E2_nobase_seed0/checkpoint/state_0.pt"", ""/soalnas/share/data/zbao7/diffusion_policy/results/stage3/E2_nobase_seed0/checkpoint/state_35.pt"", ""/soalnas/share/data/zbao7/diffusion_policy/results/stage3/E2_nobase_seed0/checkpoint/state_70.pt"", ""/soalnas/share/data/zbao7/diffusion_policy/results/stage3/E2_nobase_seed0/checkpoint/state_105.pt"", ""/soalnas/share/data/zbao7/diffusion_policy/results/stage3/E2_nobase_seed0/checkpoint/state_139.pt""]",/soalnas/share/data/zbao7/diffusion_policy/results/stage3/ckpt_E2_nobase_seed0_seed5000/ckpt_eval.json,/soalnas/share/data/zbao7/diffusion_policy/results/stage3/runs/E2_nobase_seed0/manifest.json,,,,,,,,,,,,,,,202.6155687300461,3847.4349364177833,1370.1123653544003,-0.002357936101434794,1547.5779662379769,,0.6253520503371447
E2_nobase_seed1,E2_nobase,1,complete,140,full run,4275.91899436902,4341.640247988985,9360000,4206.986017291073,3957.1276551590336,1403.5070961027159,0.00041125411820564433,0.00041125411820564433,0.8973972239493766,1278.631708564562,4,10,0.0,0,,0.06868342998838856,0.033991506348689256,0.14077357804232804,0.14079851190476192,0.0,57.55069416477566,0.0001,7458.852584977634,2026-10-10T17:31:44.100426+00:00,2026-10-10T19:36:02.952998+00:00,False,False,,[],,,not_available,/soalnas/share/data/zbao7/diffusion_policy/results/stage3/E2_nobase_seed1,/soalnas/share/data/zbao7/diffusion_policy/results/stage3/E2_nobase_seed1/result.pkl,"[""/soalnas/share/data/zbao7/diffusion_policy/results/stage3/E2_nobase_seed1/checkpoint/state_0.pt"", ""/soalnas/share/data/zbao7/diffusion_policy/results/stage3/E2_nobase_seed1/checkpoint/state_35.pt"", ""/soalnas/share/data/zbao7/diffusion_policy/results/stage3/E2_nobase_seed1/checkpoint/state_70.pt"", ""/soalnas/share/data/zbao7/diffusion_policy/results/stage3/E2_nobase_seed1/checkpoint/state_105.pt"", ""/soalnas/share/data/zbao7/diffusion_policy/results/stage3/E2_nobase_seed1/checkpoint/state_139.pt""]",/soalnas/share/data/zbao7/diffusion_policy/results/stage3/ckpt_E2_nobase_seed1_seed5000/ckpt_eval.json,/soalnas/share/data/zbao7/diffusion_policy/results/stage3/runs/E2_nobase_seed1/manifest.json,,,,,,,,,,,,,,,65.72125361996495,3969.776331181619,1414.873160740724,-0.0007282217494275562,1520.2999954994896,,0.7035789921284571
E2_nobase_seed2,E2_nobase,2,complete,140,full run,4291.301790703181,4183.546081810741,9360000,4183.546081810741,3913.526901596636,1388.6683241193862,0.0004816967082726353,0.0004816967082726353,0.8893973253314427,1159.225430879008,7,7,0.0,0,,0.055068234711290937,0.012308637683026672,0.12123505291005289,0.12125836640211643,0.0,54.98540118762425,0.0001,7129.304156859405,2026-10-10T18:53:43.966310+00:00,2026-10-10T20:52:33.270456+00:00,False,False,,[],,,not_available,/soalnas/share/data/zbao7/diffusion_policy/results/stage3/E2_nobase_seed2,/soalnas/share/data/zbao7/diffusion_policy/results/stage3/E2_nobase_seed2/result.pkl,"[""/soalnas/share/data/zbao7/diffusion_policy/results/stage3/E2_nobase_seed2/checkpoint/state_0.pt"", ""/soalnas/share/data/zbao7/diffusion_policy/results/stage3/E2_nobase_seed2/checkpoint/state_35.pt"", ""/soalnas/share/data/zbao7/diffusion_policy/results/stage3/E2_nobase_seed2/checkpoint/state_70.pt"", ""/soalnas/share/data/zbao7/diffusion_policy/results/stage3/E2_nobase_seed2/checkpoint/state_105.pt"", ""/soalnas/share/data/zbao7/diffusion_policy/results/stage3/E2_nobase_seed2/checkpoint/state_139.pt""]",/soalnas/share/data/zbao7/diffusion_policy/results/stage3/ckpt_E2_nobase_seed2_seed5000/ckpt_eval.json,/soalnas/share/data/zbao7/diffusion_policy/results/stage3/runs/E2_nobase_seed2/manifest.json,,,,,,,,,,,,,,,-107.75570889243954,3954.0740655306568,1405.995393747739,0.00648633371185268,1479.9797294246503,,0.8240931081657548
SGD03_seed0,SGD03,0,complete,140,full run,4391.558000428691,4350.222348519957,9360000,4179.089134490408,3931.1520064706033,1395.661724925952,3.59363665971815e-05,3.59363665971815e-05,0.0104728636706159,1723.4280295416372,5,9,0.0,0,,0.06663324420623053,0.022607723718445896,0.14019761904761907,0.14022324735449732,0.0,54.9140040666338,4.0357452249530014e-05,7128.500936415046,2026-10-10T19:05:44.959623+00:00,2026-10-10T21:04:33.460514+00:00,False,False,,[],,,not_available,/soalnas/share/data/zbao7/diffusion_policy/results/stage3/SGD03_seed0,/soalnas/share/data/zbao7/diffusion_policy/results/stage3/SGD03_seed0/result.pkl,"[""/soalnas/share/data/zbao7/diffusion_policy/results/stage3/SGD03_seed0/checkpoint/state_0.pt"", ""/soalnas/share/data/zbao7/diffusion_policy/results/stage3/SGD03_seed0/checkpoint/state_35.pt"", ""/soalnas/share/data/zbao7/diffusion_policy/results/stage3/SGD03_seed0/checkpoint/state_70.pt"", ""/soalnas/share/data/zbao7/diffusion_policy/results/stage3/SGD03_seed0/checkpoint/state_105.pt"", ""/soalnas/share/data/zbao7/diffusion_policy/results/stage3/SGD03_seed0/checkpoint/state_139.pt""]",/soalnas/share/data/zbao7/diffusion_policy/results/stage3/ckpt_SGD03_seed0_seed5000/ckpt_eval.json,/soalnas/share/data/zbao7/diffusion_policy/results/stage3/runs/SGD03_seed0/manifest.json,,,,,,,,,,,,,,,-41.33565190873378,3775.6653287184645,1371.3015735894942,-0.0031494744005376436,1540.4171135073236,1.6142980899812005e-08,0.06148041192030231
SGD03_seed1,SGD03,1,complete,140,full run,4274.365937968729,4343.985060892037,9360000,4140.703292337407,3967.6138244078757,1407.4268272602267,4.216168162862592e-05,4.216168162862592e-05,0.010107759390767947,2041.2787885852267,9,5,0.0,0,,0.06642189827444518,0.025463561113993814,0.1424747685185185,0.14250009920634923,0.0,56.11067186650776,4.0357452249530014e-05,7278.446075162035,2026-10-10T19:08:46.037220+00:00,2026-10-10T21:10:04.483266+00:00,False,False,,[],,,not_available,/soalnas/share/data/zbao7/diffusion_policy/results/stage3/SGD03_seed1,/soalnas/share/data/zbao7/diffusion_policy/results/stage3/SGD03_seed1/result.pkl,"[""/soalnas/share/data/zbao7/diffusion_policy/results/stage3/SGD03_seed1/checkpoint/state_0.pt"", ""/soalnas/share/data/zbao7/diffusion_policy/results/stage3/SGD03_seed1/checkpoint/state_35.pt"", ""/soalnas/share/data/zbao7/diffusion_policy/results/stage3/SGD03_seed1/checkpoint/state_70.pt"", ""/soalnas/share/data/zbao7/diffusion_policy/results/stage3/SGD03_seed1/checkpoint/state_105.pt"", ""/soalnas/share/data/zbao7/diffusion_policy/results/stage3/SGD03_seed1/checkpoint/state_139.pt""]",/soalnas/share/data/zbao7/diffusion_policy/results/stage3/ckpt_SGD03_seed1_seed5000/ckpt_eval.json,/soalnas/share/data/zbao7/diffusion_policy/results/stage3/runs/SGD03_seed1/manifest.json,,,,,,,,,,,,,,,69.61912292330817,3965.747444445404,1395.4240301957816,0.0003066898389846115,1537.717201768873,1.6142980899812005e-08,0.07213076332496743
SGD03_seed2,SGD03,2,complete,140,full run,4275.511176773331,4323.158471225681,9360000,4163.258758253405,3921.4727965910192,1392.8999094268424,4.2700349463546874e-05,4.2700349463546874e-05,0.009728210456446371,2125.8582803562513,8,6,0.0,0,,0.06603993312191717,0.02378160860887649,0.14053711970899468,0.14056248346560846,0.0,57.04583427073464,4.0357452249530014e-05,7384.095002140035,2026-10-10T19:18:47.033759+00:00,2026-10-10T21:21:51.128748+00:00,False,False,,[],,,not_available,/soalnas/share/data/zbao7/diffusion_policy/results/stage3/SGD03_seed2,/soalnas/share/data/zbao7/diffusion_policy/results/stage3/SGD03_seed2/result.pkl,"[""/soalnas/share/data/zbao7/diffusion_policy/results/stage3/SGD03_seed2/checkpoint/state_0.pt"", ""/soalnas/share/data/zbao7/diffusion_policy/results/stage3/SGD03_seed2/checkpoint/state_35.pt"", ""/soalnas/share/data/zbao7/diffusion_policy/results/stage3/SGD03_seed2/checkpoint/state_70.pt"", ""/soalnas/share/data/zbao7/diffusion_policy/results/stage3/SGD03_seed2/checkpoint/state_105.pt"", ""/soalnas/share/data/zbao7/diffusion_policy/results/stage3/SGD03_seed2/checkpoint/state_139.pt""]",/soalnas/share/data/zbao7/diffusion_policy/results/stage3/ckpt_SGD03_seed2_seed5000/ckpt_eval.json,/soalnas/share/data/zbao7/diffusion_policy/results/stage3/runs/SGD03_seed2/manifest.json,,,,,,,,,,,,,,,47.64729445235025,3856.601544127814,1388.8400793007686,0.0015361355755370823,1526.9804308096593,1.6142980899812005e-08,0.07305232339113603
