policy,from_variant,to_variant,corrected_inner_product,cosine,status
theta0,nc4,nc4,1.0542590688563778e-07,1.0,provisional; no validated uncertainty
theta0,nc4,mc_critic,3.02661524972907e-08,,undefined: nonpositive signal
theta0,nc4,mc_loo,1.2999544538815435e-07,1.2135786205526506,"outside [-1,1]: invalid as a population cosine"
theta0,nc4,theory_loo,0.0003425672680115173,1.5183821958127586,"outside [-1,1]: invalid as a population cosine"
theta0,nc4,theory_nobase,0.0010782364909094067,1.1028690807981032,"outside [-1,1]: invalid as a population cosine"
theta0,mc_critic,nc4,3.02661524972907e-08,,undefined: nonpositive signal
theta0,mc_critic,mc_critic,-6.383054469343535e-08,,undefined: nonpositive signal
theta0,mc_critic,mc_loo,5.401314417504292e-08,,undefined: nonpositive signal
theta0,mc_critic,theory_loo,0.00020419655630077825,,undefined: nonpositive signal
theta0,mc_critic,theory_nobase,0.0002444221842317247,,undefined: nonpositive signal
theta0,mc_loo,nc4,1.2999544538815435e-07,1.2135786205526506,"outside [-1,1]: invalid as a population cosine"
theta0,mc_loo,mc_critic,5.401314417504292e-08,,undefined: nonpositive signal
theta0,mc_loo,mc_loo,1.0883613062649151e-07,1.0,provisional; no validated uncertainty
theta0,mc_loo,theory_loo,0.00016258449628134275,0.7092535112287626,provisional; no validated uncertainty
theta0,mc_loo,theory_nobase,-0.00046879641295995145,-0.47193408159351663,provisional; no validated uncertainty
theta0,theory_loo,nc4,0.0003425672680115173,1.5183821958127586,"outside [-1,1]: invalid as a population cosine"
theta0,theory_loo,mc_critic,0.00020419655630077825,,undefined: nonpositive signal
theta0,theory_loo,mc_loo,0.00016258449628134275,0.7092535112287626,provisional; no validated uncertainty
theta0,theory_loo,theory_loo,0.482816582231127,1.0,provisional; no validated uncertainty
theta0,theory_loo,theory_nobase,-0.5620506878719098,-0.2686383451196186,provisional; no validated uncertainty
theta0,theory_nobase,nc4,0.0010782364909094067,1.1028690807981032,"outside [-1,1]: invalid as a population cosine"
theta0,theory_nobase,mc_critic,0.0002444221842317247,,undefined: nonpositive signal
theta0,theory_nobase,mc_loo,-0.00046879641295995145,-0.47193408159351663,provisional; no validated uncertainty
theta0,theory_nobase,theory_loo,-0.5620506878719098,-0.2686383451196186,provisional; no validated uncertainty
theta0,theory_nobase,theory_nobase,9.066356311832806,1.0,provisional; no validated uncertainty
theta_ckpt,nc4,nc4,2.7058409246701574e-07,1.0,provisional; no validated uncertainty
theta_ckpt,nc4,mc_critic,2.9624528710341645e-07,1.5117510784599444,"outside [-1,1]: invalid as a population cosine"
theta_ckpt,nc4,mc_loo,1.0620032038813525e-07,1.2790439888723324,"outside [-1,1]: invalid as a population cosine"
theta_ckpt,nc4,theory_loo,0.00041054210851917234,,undefined: nonpositive signal
theta_ckpt,nc4,theory_nobase,0.004768030440111478,1.3186029705048699,"outside [-1,1]: invalid as a population cosine"
theta_ckpt,mc_critic,nc4,2.9624528710341645e-07,1.5117510784599444,"outside [-1,1]: invalid as a population cosine"
theta_ckpt,mc_critic,mc_critic,1.4191884393760335e-07,1.0,provisional; no validated uncertainty
theta_ckpt,mc_critic,mc_loo,3.015074662996667e-08,0.501405188068935,provisional; no validated uncertainty
theta_ckpt,mc_critic,theory_loo,0.0002220877744231822,,undefined: nonpositive signal
theta_ckpt,mc_critic,theory_nobase,0.002886477579821172,1.1022353038554729,"outside [-1,1]: invalid as a population cosine"
theta_ckpt,mc_loo,nc4,1.0620032038813525e-07,1.2790439888723324,"outside [-1,1]: invalid as a population cosine"
theta_ckpt,mc_loo,mc_critic,3.015074662996667e-08,0.501405188068935,provisional; no validated uncertainty
theta_ckpt,mc_loo,mc_loo,2.5478768386668917e-08,1.0,provisional; no validated uncertainty
theta_ckpt,mc_loo,theory_loo,-6.382134245529626e-05,,undefined: nonpositive signal
theta_ckpt,mc_loo,theory_nobase,-0.0007822725707125181,-0.7050096280875275,provisional; no validated uncertainty
theta_ckpt,theory_loo,nc4,0.00041054210851917234,,undefined: nonpositive signal
theta_ckpt,theory_loo,mc_critic,0.0002220877744231822,,undefined: nonpositive signal
theta_ckpt,theory_loo,mc_loo,-6.382134245529626e-05,,undefined: nonpositive signal
theta_ckpt,theory_loo,theory_loo,-0.3188112313704874,,undefined: nonpositive signal
theta_ckpt,theory_loo,theory_nobase,1.834021577952087,,undefined: nonpositive signal
theta_ckpt,theory_nobase,nc4,0.004768030440111478,1.3186029705048699,"outside [-1,1]: invalid as a population cosine"
theta_ckpt,theory_nobase,mc_critic,0.002886477579821172,1.1022353038554729,"outside [-1,1]: invalid as a population cosine"
theta_ckpt,theory_nobase,mc_loo,-0.0007822725707125181,-0.7050096280875275,provisional; no validated uncertainty
theta_ckpt,theory_nobase,theory_loo,1.834021577952087,,undefined: nonpositive signal
theta_ckpt,theory_nobase,theory_nobase,48.322309004896624,1.0,provisional; no validated uncertainty
