policy,run,variant_id,variant,u_sq,tr_sigma,B_env,B_ep,snr_training_batch,expected_batch_cosine,point_status
theta0,ns_theta0_seed1000,V1,nc4,1.0542590688563778e-07,0.0021745641754431044,20626.46876542398,41252.93753084796,0.001939255839421809,0.04399434514890001,positive signed point; uncertainty unvalidated
theta0,ns_theta0_seed1000,V2,mc_critic,-6.383054469343535e-08,0.0021757116153470753,,,,,undefined: nonpositive signed signal estimate
theta0,ns_theta0_seed1000,V3,mc_loo,1.0883613062649151e-07,0.0023542826679563184,21631.444028783477,43262.888057566954,0.0018491599519095787,0.04296215626240017,positive signed point; uncertainty unvalidated
theta0,ns_theta0_seed1000,V4,theory_loo,0.482816582231127,18898.61783027218,39142.4373681211,78284.8747362422,0.0010219087693444796,0.03195098649336166,positive signed point; uncertainty unvalidated
theta0,ns_theta0_seed1000,V5,theory_nobase,9.066356311832806,518104.6243513712,57145.84851195132,114291.69702390264,0.0006999633576467854,0.026447566081796527,positive signed point; uncertainty unvalidated
theta_ckpt,ns_ckpt_seed2000,V1,nc4,2.7058409246701574e-07,0.0021065989714596084,7785.37626603605,15570.7525320721,0.005137837740033358,0.07149528163150881,positive signed point; uncertainty unvalidated
theta_ckpt,ns_ckpt_seed2000,V2,mc_critic,1.4191884393760335e-07,0.0021268209931962784,14986.17755180817,29972.35510361634,0.0026691262572939266,0.051594776743189595,positive signed point; uncertainty unvalidated
theta_ckpt,ns_ckpt_seed2000,V3,mc_loo,2.5478768386668917e-08,0.0029869389541907596,117232.47014379216,234464.94028758432,0.00034120239854144304,0.018468514265462508,positive signed point; uncertainty unvalidated
theta_ckpt,ns_ckpt_seed2000,V4,theory_loo,-0.3188112313704874,11907.010213772168,,,,,undefined: nonpositive signed signal estimate
theta_ckpt,ns_ckpt_seed2000,V5,theory_nobase,48.322309004896624,589444.8787724694,12198.193565475925,24396.38713095185,0.003279174066659382,0.057170413937217265,positive signed point; uncertainty unvalidated
