condition,seed,run_id,manifest,status,completed_iterations,result_source,fallback_used,eval_return_itr0,eval_step_itr0,eval_return_itr70,eval_step_itr70,eval_return_itr130,eval_step_itr130,minimum_eval_return,minimum_eval_status,median_kl_true_per_action,median_kl_status,kl_measurement_count,nonfinite_kl_count,collapse,collapse_observation_scope,saved_nonfinite_count,nonfinite_failure,failing_iteration
baseline,0,seed0_handoff,/soalnas/share/data/zbao7/diffusion_policy/results/repro_halfcheetah/runs/seed0_handoff/manifest.json,complete,140,native,False,4286.896956658653,0,4549.16837029026,5040000,4636.273298273394,9360000,4286.896956658653,defined,NA,unavailable_baseline,0,0,False,full_run,0,False,NA
baseline,1,seed1,/soalnas/share/data/zbao7/diffusion_policy/results/repro_halfcheetah/runs/seed1/manifest.json,complete,140,native,False,4384.282887687965,0,4706.770206012169,5040000,4796.043488648042,9360000,4384.282887687965,defined,NA,unavailable_baseline,0,0,False,full_run,0,False,NA
baseline,2,seed2,/soalnas/share/data/zbao7/diffusion_policy/results/repro_halfcheetah/runs/seed2/manifest.json,complete,140,native,False,4354.750334819849,0,4628.84613361733,5040000,4842.7955079947105,9360000,4354.750334819849,defined,NA,unavailable_baseline,0,0,False,full_run,0,False,NA
R0,0,R0_recovery_seed0,/soalnas/share/data/zbao7/diffusion_policy/results/stage2_noclip/runs/R0_recovery_seed0/manifest.json,complete,140,native,False,4384.174257061992,0,4660.817276563081,5040000,4621.8268476741305,9360000,4380.307454168202,defined,0.08290111680472653,defined,126,0,False,full_run,0,False,NA
NC1,0,NC1_seed0,/soalnas/share/data/zbao7/diffusion_policy/results/stage2_noclip/runs/NC1_seed0/manifest.json,complete,140,native,False,4157.22284062235,0,-545.9460905063919,5040000,-552.465805384626,9360000,-552.465805384626,defined,1.8313905607080603e-07,defined,126,0,True,full_run,0,False,NA
NC1,1,NC1_recovery_seed1,/soalnas/share/data/zbao7/diffusion_policy/results/stage2_noclip/runs/NC1_recovery_seed1/manifest.json,complete,140,native,False,4257.897094800118,0,-1610.8838686954932,5040000,-1564.928645288549,9360000,-1610.8838686954932,defined,1.975134140539851e-06,defined,126,0,True,full_run,0,False,NA
NC1,2,NC1_seed2,/soalnas/share/data/zbao7/diffusion_policy/results/stage2_noclip/runs/NC1_seed2/manifest.json,complete,140,native,False,4333.435346779079,0,-141.80831544214433,5040000,-155.08959873929166,9360000,-173.9289121948488,defined,0.0,defined,126,0,True,full_run,0,False,NA
NC2,0,NC2_seed0,/soalnas/share/data/zbao7/diffusion_policy/results/stage2_noclip/runs/NC2_seed0/manifest.json,complete,140,native,False,4204.112836868476,0,1226.8979633578433,5040000,1149.2236034316263,9360000,1149.2236034316263,defined,6.34148619517072e-07,defined,126,0,True,full_run,0,False,NA
NC2,1,NC2_seed1,/soalnas/share/data/zbao7/diffusion_policy/results/stage2_noclip/runs/NC2_seed1/manifest.json,complete,140,native,False,4282.639681227471,0,-404.8690124654571,5040000,-427.06230121109337,9360000,-436.94574265401445,defined,1.1017092826496166e-06,defined,126,0,True,full_run,0,False,NA
NC2,2,NC2_seed2,/soalnas/share/data/zbao7/diffusion_policy/results/stage2_noclip/runs/NC2_seed2/manifest.json,complete,140,native,False,4303.985536933509,0,-761.9011739341267,5040000,-761.4112344536153,9360000,-762.2171154906689,defined,3.7186424775169446e-10,defined,126,0,True,full_run,0,False,NA
NC3,0,NC3_seed0,/soalnas/share/data/zbao7/diffusion_policy/results/stage2_noclip/runs/NC3_seed0/manifest.json,complete,140,native,False,4296.078829317283,0,2301.484136894077,5040000,2373.098940269012,9360000,354.6866544773894,defined,1.6975672069259105,defined,126,0,True,full_run,0,False,NA
NC3,1,NC3_seed1,/soalnas/share/data/zbao7/diffusion_policy/results/stage2_noclip/runs/NC3_seed1/manifest.json,complete,140,native,False,4344.956135860159,0,3716.599862773389,5040000,3561.3690359708153,9360000,1385.7942680231477,defined,0.8349056831149746,defined,126,0,True,full_run,0,False,NA
NC3,2,NC3_seed2,/soalnas/share/data/zbao7/diffusion_policy/results/stage2_noclip/runs/NC3_seed2/manifest.json,complete,140,native,False,4305.6395617321705,0,3338.3446870128987,5040000,3194.6298045790836,9360000,760.9236167841647,defined,0.872093012185835,defined,126,0,True,full_run,0,False,NA
NC4_lr1e-4,0,NC4_lr1e-4_seed0,/soalnas/share/data/zbao7/diffusion_policy/results/stage2_noclip/runs/NC4_lr1e-4_seed0/manifest.json,complete,140,native,False,4316.39629852191,0,4547.596168273354,5040000,4624.0873515240455,9360000,4316.39629852191,defined,0.0005283256956950024,defined,126,0,False,full_run,0,False,NA
NC4_lr1e-4,1,NC4_lr1e-4_seed1,/soalnas/share/data/zbao7/diffusion_policy/results/stage2_noclip/runs/NC4_lr1e-4_seed1/manifest.json,complete,140,native,False,4274.331458175189,0,4546.42972636063,5040000,4586.218975028707,9360000,4274.331458175189,defined,0.000584517336086918,defined,126,0,False,full_run,0,False,NA
NC4_lr1e-4,2,NC4_lr1e-4_seed2,/soalnas/share/data/zbao7/diffusion_policy/results/stage2_noclip/runs/NC4_lr1e-4_seed2/manifest.json,complete,140,native,False,4368.699338080412,0,4527.577399991312,5040000,4600.264927409581,9360000,4252.954497474648,defined,0.0006320875433833632,defined,126,0,False,full_run,0,False,NA
NC4_lr1e-3,0,NC4_lr1e-3_seed0,/soalnas/share/data/zbao7/diffusion_policy/results/stage2_noclip/runs/NC4_lr1e-3_seed0/manifest.json,complete,140,native,False,4282.48048732081,0,3359.0801111139867,5040000,3278.9758932952172,9360000,3278.9758932952172,defined,0.23032447797082592,defined,126,0,False,full_run,0,False,NA
NC4_lr1e-3,1,NC4_lr1e-3_seed1,/soalnas/share/data/zbao7/diffusion_policy/results/stage2_noclip/runs/NC4_lr1e-3_seed1/manifest.json,complete,140,native,False,4339.810460820627,0,3947.8407350460693,5040000,4257.122539602991,9360000,3069.571631074413,defined,0.3542036841273925,defined,126,0,False,full_run,0,False,NA
NC4_lr1e-3,2,NC4_lr1e-3_seed2,/soalnas/share/data/zbao7/diffusion_policy/results/stage2_noclip/runs/NC4_lr1e-3_seed2/manifest.json,complete,140,native,False,4238.400994880294,0,4182.907640656236,5040000,3643.135383126463,9360000,3276.8146173237596,defined,0.27489489546090595,defined,126,0,False,full_run,0,False,NA
NC4_lr3e-3,0,NC4_lr3e-3_seed0,/soalnas/share/data/zbao7/diffusion_policy/results/stage2_noclip/runs/NC4_lr3e-3_seed0/manifest.json,complete,140,native,False,4259.991063329484,0,1207.1340759093973,5040000,395.9768285671437,9360000,395.9768285671437,defined,4.786408488337042,defined,126,0,True,full_run,0,False,NA
NC4_lr3e-3,1,NC4_lr3e-3_seed1,/soalnas/share/data/zbao7/diffusion_policy/results/stage2_noclip/runs/NC4_lr3e-3_seed1/manifest.json,complete,140,native,False,4260.671460193969,0,234.42932849626828,5040000,53.57241473266758,9360000,-84.77648716065335,defined,4.5659999231522495,defined,126,0,True,full_run,0,False,NA
NC4_lr3e-3,2,NC4_lr3e-3_seed2,/soalnas/share/data/zbao7/diffusion_policy/results/stage2_noclip/runs/NC4_lr3e-3_seed2/manifest.json,complete,140,native,False,4267.114063779499,0,-448.93852952304206,5040000,-742.315193983763,9360000,-754.2273952714919,defined,4.651106863876953,defined,126,0,True,full_run,0,False,NA
