condition,seed,run_id,status,completed_iterations,eval_return_itr0,eval_step_itr0,eval_return_itr70,eval_step_itr70,eval_return_itr130,eval_step_itr130,minimum_eval_return,collapse,first_collapse_eval_itr,median_kl_true_per_action,max_kl_true_per_action,max_logratio_p99,max_clamp_hit_frac,max_clipfrac,train_return_itr1,train_return_itr139,update_checks_passed,result_path,manifest
baseline,0,seed0_handoff,complete,140,4286.896956658653,0,4549.16837029026,5040000,4636.273298273394,9360000,4286.896956658653,False,NA,NA,NA,NA,NA,NA,3841.496354067624,4285.90194015741,NA,/soalnas/share/data/zbao7/diffusion_policy/results/repro_halfcheetah/dppo/log/gym-finetune/halfcheetah-medium-v2_ppo_diffusion_mlp_ta4_td20_tdf10/2026-10-08_20-01-32_0/result.pkl,/soalnas/share/data/zbao7/diffusion_policy/results/repro_halfcheetah/runs/seed0_handoff/manifest.json
baseline,1,seed1,complete,140,4384.282887687965,0,4706.770206012169,5040000,4796.043488648042,9360000,4384.282887687965,False,NA,NA,NA,NA,NA,NA,3841.064963843899,4530.633866573542,NA,/soalnas/share/data/zbao7/diffusion_policy/results/repro_halfcheetah/dppo/log/gym-finetune/halfcheetah-medium-v2_ppo_diffusion_mlp_ta4_td20_tdf10/2026-10-08_22-06-13_1/result.pkl,/soalnas/share/data/zbao7/diffusion_policy/results/repro_halfcheetah/runs/seed1/manifest.json
baseline,2,seed2,complete,140,4354.750334819849,0,4628.84613361733,5040000,4842.7955079947105,9360000,4354.750334819849,False,NA,NA,NA,NA,NA,NA,3951.242860095793,4500.831198601775,NA,/soalnas/share/data/zbao7/diffusion_policy/results/repro_halfcheetah/dppo/log/gym-finetune/halfcheetah-medium-v2_ppo_diffusion_mlp_ta4_td20_tdf10/2026-10-08_22-48-33_2/result.pkl,/soalnas/share/data/zbao7/diffusion_policy/results/repro_halfcheetah/runs/seed2/manifest.json
NC2,0,NC2_seed0,complete,140,4204.112836868476,0,1226.8979633578433,5040000,1149.2236034316263,9360000,1149.2236034316263,True,20,6.34148619517072e-07,241.30156279979803,252.2116852951045,0.06143125,0.0,3950.921134511854,1261.4085118731239,True,/soalnas/share/data/zbao7/diffusion_policy/results/stage2_noclip/runs/NC2_seed0/native/result.pkl,/soalnas/share/data/zbao7/diffusion_policy/results/stage2_noclip/runs/NC2_seed0/manifest.json
NC2,1,NC2_seed1,complete,140,4282.639681227471,0,-404.8690124654571,5040000,-427.06230121109337,9360000,-436.94574265401445,True,20,1.1017092826496166e-06,103.28100008655205,92.36035970926274,0.02243125,0.0,4024.4012088254995,-294.13142910797217,True,/soalnas/share/data/zbao7/diffusion_policy/results/stage2_noclip/runs/NC2_seed1/native/result.pkl,/soalnas/share/data/zbao7/diffusion_policy/results/stage2_noclip/runs/NC2_seed1/manifest.json
NC2,2,NC2_seed2,complete,140,4303.985536933509,0,-761.9011739341267,5040000,-761.4112344536153,9360000,-762.2171154906689,True,10,3.7186424775169446e-10,663.1008138092199,494.63614214062295,0.1190125,0.0,3995.9538129108705,-681.123909853818,True,/soalnas/share/data/zbao7/diffusion_policy/results/stage2_noclip/runs/NC2_seed2/native/result.pkl,/soalnas/share/data/zbao7/diffusion_policy/results/stage2_noclip/runs/NC2_seed2/manifest.json
NC3,0,NC3_seed0,complete,140,4296.078829317283,0,2301.484136894077,5040000,2373.098940269012,9360000,354.6866544773894,True,10,1.6975672069259105,4900.0953078764605,28.445484834909436,0.014610416666666667,0.0,4005.382194736121,2332.8560149900604,True,/soalnas/share/data/zbao7/diffusion_policy/results/stage2_noclip/runs/NC3_seed0/native/result.pkl,/soalnas/share/data/zbao7/diffusion_policy/results/stage2_noclip/runs/NC3_seed0/manifest.json
NC3,1,NC3_seed1,complete,140,4344.956135860159,0,3716.599862773389,5040000,3561.3690359708153,9360000,1385.7942680231477,True,100,0.8349056831149746,50.35470225603319,25.305830824375125,0.00398125,9.999999747378752e-07,3943.1136999909168,3378.6603636777554,True,/soalnas/share/data/zbao7/diffusion_policy/results/stage2_noclip/runs/NC3_seed1/native/result.pkl,/soalnas/share/data/zbao7/diffusion_policy/results/stage2_noclip/runs/NC3_seed1/manifest.json
NC3,2,NC3_seed2,complete,140,4305.6395617321705,0,3338.3446870128987,5040000,3194.6298045790836,9360000,760.9236167841647,True,20,0.872093012185835,31.120272937357257,16.91650112152099,0.0032208333333333334,0.0,3993.6331425820745,2840.3460068025042,True,/soalnas/share/data/zbao7/diffusion_policy/results/stage2_noclip/runs/NC3_seed2/native/result.pkl,/soalnas/share/data/zbao7/diffusion_policy/results/stage2_noclip/runs/NC3_seed2/manifest.json
