condition,seed,run_id,actor_lr,status,completed_iterations,eval_return_itr0,eval_step_itr0,eval_return_itr70,eval_step_itr70,eval_return_itr130,eval_step_itr130,minimum_eval_return,collapse,first_collapse_eval_itr,median_kl_true_per_action,max_kl_true_per_action,max_logratio_p99,train_return_itr1,train_return_itr139,single_step_checks_passed,result_path,manifest
baseline,0,seed0_handoff,NA,complete,140,4286.896956658653,0,4549.16837029026,5040000,4636.273298273394,9360000,4286.896956658653,False,NA,NA,NA,NA,3841.496354067624,4285.90194015741,NA,/soalnas/share/data/zbao7/diffusion_policy/results/repro_halfcheetah/dppo/log/gym-finetune/halfcheetah-medium-v2_ppo_diffusion_mlp_ta4_td20_tdf10/2026-10-08_20-01-32_0/result.pkl,/soalnas/share/data/zbao7/diffusion_policy/results/repro_halfcheetah/runs/seed0_handoff/manifest.json
baseline,1,seed1,NA,complete,140,4384.282887687965,0,4706.770206012169,5040000,4796.043488648042,9360000,4384.282887687965,False,NA,NA,NA,NA,3841.064963843899,4530.633866573542,NA,/soalnas/share/data/zbao7/diffusion_policy/results/repro_halfcheetah/dppo/log/gym-finetune/halfcheetah-medium-v2_ppo_diffusion_mlp_ta4_td20_tdf10/2026-10-08_22-06-13_1/result.pkl,/soalnas/share/data/zbao7/diffusion_policy/results/repro_halfcheetah/runs/seed1/manifest.json
baseline,2,seed2,NA,complete,140,4354.750334819849,0,4628.84613361733,5040000,4842.7955079947105,9360000,4354.750334819849,False,NA,NA,NA,NA,3951.242860095793,4500.831198601775,NA,/soalnas/share/data/zbao7/diffusion_policy/results/repro_halfcheetah/dppo/log/gym-finetune/halfcheetah-medium-v2_ppo_diffusion_mlp_ta4_td20_tdf10/2026-10-08_22-48-33_2/result.pkl,/soalnas/share/data/zbao7/diffusion_policy/results/repro_halfcheetah/runs/seed2/manifest.json
NC4_lr1e-4,0,NC4_lr1e-4_seed0,0.0001,complete,140,4316.39629852191,0,4547.596168273354,5040000,4624.0873515240455,9360000,4316.39629852191,False,NA,0.0005283256956950024,0.005376881344806664,0.12181897282600379,3614.2219290576104,4374.462483856731,True,/soalnas/share/data/zbao7/diffusion_policy/results/stage2_noclip/runs/NC4_lr1e-4_seed0/native/result.pkl,/soalnas/share/data/zbao7/diffusion_policy/results/stage2_noclip/runs/NC4_lr1e-4_seed0/manifest.json
NC4_lr1e-4,1,NC4_lr1e-4_seed1,0.0001,complete,140,4274.331458175189,0,4546.42972636063,5040000,4586.218975028707,9360000,4274.331458175189,False,NA,0.000584517336086918,0.005956761561571947,0.11391927123069757,3855.662343836001,4245.613442777305,True,/soalnas/share/data/zbao7/diffusion_policy/results/stage2_noclip/runs/NC4_lr1e-4_seed1/native/result.pkl,/soalnas/share/data/zbao7/diffusion_policy/results/stage2_noclip/runs/NC4_lr1e-4_seed1/manifest.json
NC4_lr1e-4,2,NC4_lr1e-4_seed2,0.0001,complete,140,4368.699338080412,0,4527.577399991312,5040000,4600.264927409581,9360000,4252.954497474648,False,NA,0.0006320875433833632,0.004943079942230618,0.10559005737304653,3898.717269362227,4310.876743908579,True,/soalnas/share/data/zbao7/diffusion_policy/results/stage2_noclip/runs/NC4_lr1e-4_seed2/native/result.pkl,/soalnas/share/data/zbao7/diffusion_policy/results/stage2_noclip/runs/NC4_lr1e-4_seed2/manifest.json
NC4_lr1e-3,0,NC4_lr1e-3_seed0,0.001,complete,140,4282.48048732081,0,3359.0801111139867,5040000,3278.9758932952172,9360000,3278.9758932952172,False,NA,0.23032447797082592,0.5724901849850276,1.3005873894691364,3950.60591651485,3197.8875937119906,True,/soalnas/share/data/zbao7/diffusion_policy/results/stage2_noclip/runs/NC4_lr1e-3_seed0/native/result.pkl,/soalnas/share/data/zbao7/diffusion_policy/results/stage2_noclip/runs/NC4_lr1e-3_seed0/manifest.json
NC4_lr1e-3,1,NC4_lr1e-3_seed1,0.001,complete,140,4339.810460820627,0,3947.8407350460693,5040000,4257.122539602991,9360000,3069.571631074413,False,NA,0.3542036841273925,0.8659344187809286,1.4445081055164317,3864.4145470325484,3684.062414663894,True,/soalnas/share/data/zbao7/diffusion_policy/results/stage2_noclip/runs/NC4_lr1e-3_seed1/native/result.pkl,/soalnas/share/data/zbao7/diffusion_policy/results/stage2_noclip/runs/NC4_lr1e-3_seed1/manifest.json
NC4_lr1e-3,2,NC4_lr1e-3_seed2,0.001,complete,140,4238.400994880294,0,4182.907640656236,5040000,3643.135383126463,9360000,3276.8146173237596,False,NA,0.27489489546090595,0.8930506336690663,1.6975302350521086,3898.499904217223,3199.784873672281,True,/soalnas/share/data/zbao7/diffusion_policy/results/stage2_noclip/runs/NC4_lr1e-3_seed2/native/result.pkl,/soalnas/share/data/zbao7/diffusion_policy/results/stage2_noclip/runs/NC4_lr1e-3_seed2/manifest.json
NC4_lr3e-3,0,NC4_lr3e-3_seed0,0.003,complete,140,4259.991063329484,0,1207.1340759093973,5040000,395.9768285671437,9360000,395.9768285671437,True,10,4.786408488337042,17.599312424321987,36.53138194680205,3990.352634516728,551.4782669277029,True,/soalnas/share/data/zbao7/diffusion_policy/results/stage2_noclip/runs/NC4_lr3e-3_seed0/native/result.pkl,/soalnas/share/data/zbao7/diffusion_policy/results/stage2_noclip/runs/NC4_lr3e-3_seed0/manifest.json
NC4_lr3e-3,1,NC4_lr3e-3_seed1,0.003,complete,140,4260.671460193969,0,234.42932849626828,5040000,53.57241473266758,9360000,-84.77648716065335,True,20,4.5659999231522495,43.67952142186919,44.14663865327834,3939.224590743886,-21.884008255247355,True,/soalnas/share/data/zbao7/diffusion_policy/results/stage2_noclip/runs/NC4_lr3e-3_seed1/native/result.pkl,/soalnas/share/data/zbao7/diffusion_policy/results/stage2_noclip/runs/NC4_lr3e-3_seed1/manifest.json
NC4_lr3e-3,2,NC4_lr3e-3_seed2,0.003,complete,140,4267.114063779499,0,-448.93852952304206,5040000,-742.315193983763,9360000,-754.2273952714919,True,20,4.651106863876953,108.49403814003188,153.97102474570195,3890.1642045465865,-687.6821967535756,True,/soalnas/share/data/zbao7/diffusion_policy/results/stage2_noclip/runs/NC4_lr3e-3_seed2/native/result.pkl,/soalnas/share/data/zbao7/diffusion_policy/results/stage2_noclip/runs/NC4_lr3e-3_seed2/manifest.json
