condition,eval_itr0_seed0,eval_itr0_seed1,eval_itr0_seed2,eval_itr0_mean,eval_itr0_sd,eval_itr130_seed0,eval_itr130_seed1,eval_itr130_seed2,eval_itr130_mean,eval_itr130_sd,eval_gain_seed0,eval_gain_seed1,eval_gain_seed2,eval_gain_mean,eval_gain_sd,train_last10_seed0,train_last10_seed1,train_last10_seed2,train_last10_mean,train_last10_sd,J_disc_last10_seed0,J_disc_last10_seed1,J_disc_last10_seed2,J_disc_last10_mean,J_disc_last10_sd,median_kl_seed0,median_kl_seed1,median_kl_seed2,median_kl_mean,median_kl_sd,theta_dist_final_seed0,theta_dist_final_seed1,theta_dist_final_seed2,theta_dist_final_mean,theta_dist_final_sd,minimum_eval_return_seed0,minimum_eval_return_seed1,minimum_eval_return_seed2,minimum_eval_return_mean,minimum_eval_return_sd,median_B_env_seed0,median_B_env_seed1,median_B_env_seed2,median_B_env_mean,median_B_env_sd,defined_noise_windows_seed0,defined_noise_windows_seed1,defined_noise_windows_seed2,defined_noise_windows_mean,defined_noise_windows_sd,nonpositive_noise_windows_seed0,nonpositive_noise_windows_seed1,nonpositive_noise_windows_seed2,nonpositive_noise_windows_mean,nonpositive_noise_windows_sd,zero_update_fraction_seed0,zero_update_fraction_seed1,zero_update_fraction_seed2,zero_update_fraction_mean,zero_update_fraction_sd,x0_saturation_mean_seed0,x0_saturation_mean_seed1,x0_saturation_mean_seed2,x0_saturation_mean_mean,x0_saturation_mean_sd,x0_saturation_last_seed0,x0_saturation_last_seed1,x0_saturation_last_seed2,x0_saturation_last_mean,x0_saturation_last_sd,action_oor_mean_seed0,action_oor_mean_seed1,action_oor_mean_seed2,action_oor_mean_mean,action_oor_mean_sd,seconds_per_training_iteration_seed0,seconds_per_training_iteration_seed1,seconds_per_training_iteration_seed2,seconds_per_training_iteration_mean,seconds_per_training_iteration_sd,actor_lr_seed0,actor_lr_seed1,actor_lr_seed2,actor_lr_mean,actor_lr_sd,first_train_return_seed0,first_train_return_seed1,first_train_return_seed2,first_train_return_mean,first_train_return_sd,first_train_J_disc_seed0,first_train_J_disc_seed1,first_train_J_disc_seed2,first_train_J_disc_mean,first_train_J_disc_sd,grad_cos_prev_mean_seed0,grad_cos_prev_mean_seed1,grad_cos_prev_mean_seed2,grad_cos_prev_mean_mean,grad_cos_prev_mean_sd,J_disc_eval_itr130_seed0,J_disc_eval_itr130_seed1,J_disc_eval_itr130_seed2,J_disc_eval_itr130_mean,J_disc_eval_itr130_sd,median_kl_over_target_seed0,median_kl_over_target_seed1,median_kl_over_target_seed2,median_kl_over_target_mean,median_kl_over_target_sd,eta_theory_seed0,eta_theory_seed1,eta_theory_seed2,eta_theory_mean,eta_theory_sd
E0,4320.198617183528,4338.448829149639,4223.336232895893,4293.99455974302,61.86854551247004,4603.354638576783,4522.708828843165,4470.785785703061,4532.283084374337,66.80101020789846,283.1560213932553,184.25999969352597,247.4495528071684,238.28852463131656,50.0804263653715,4286.499697893951,4347.3023131739565,4275.265985499315,4303.022665522407,38.756476499423165,1503.1639858301392,1526.784760402602,1499.7639116976775,1509.9042193101395,14.7174939003654,0.0005293980830027655,0.0005717157220683641,0.0005838126808827943,0.0005616421619846413,2.8571744349647062e-05,0.9052821803001608,0.8849071628581452,0.87554517055441,0.888578171237572,0.01520459351795,4320.198617183528,4302.247437220023,4223.336232895893,4281.927429099815,51.529189979810226,1535.1565709695803,2061.4400602141077,2049.070930736794,1881.8891873068271,300.3429360998207,8.0,6.0,7.0,7.0,1.0,6.0,8.0,7.0,7.0,1.0,0.0,0.0,0.0,0.0,0.0,0.1031798449829456,0.11502037030765083,0.07028189486438216,0.09616070338499287,0.023180467161514916,0.037891081725366475,0.04775469538586036,0.020859680894181963,0.03550181933513627,0.013605766505563888,0.15040383597883597,0.15784867724867727,0.13789300595238094,0.14871517305996473,0.010084438063751216,65.10063194850134,67.31409704117547,70.39408977069552,67.60293958679078,2.658523357233355,0.0001,0.0001,0.0001,0.0001,0.0,3840.415328668142,3835.871666726131,3881.7967021323843,3852.694565842219,25.305374299727937,1374.9489268498382,1355.93623590562,1396.2277334440782,1375.7042987331788,20.156367070593454,-0.001880925003771512,-0.0003604648580260038,0.0028218217828678833,0.00019347730702345576,0.002399811612705579,1606.897775430713,1595.1970858715113,1574.4546321034657,1592.1831644685633,16.430221511149465,0.905701251817181,0.9780988291908416,0.9987944665442415,0.960864849184088,0.04888091864121967,,,,,
E1,4267.496245679465,4273.923810393402,4220.6973480519255,4254.039134708265,29.053131502741042,4683.418897191566,4688.162149747566,4637.312972225814,4669.631339721648,28.08882819555472,415.92265151210177,414.23833935416405,416.61562417388814,415.59220501338467,1.2226066190351006,4422.374524228232,4417.0213661133785,4448.8675884541335,4429.421159598581,17.052471136940667,1552.73870259346,1549.4125307702327,1557.3138192091594,1553.155017524284,3.9670616758502164,0.0004748029223308409,0.0005306418183423419,0.0005450554701408507,0.0005168334036046779,3.710605552500741e-05,0.9266225448728422,0.9528455090859803,0.9666624003853168,0.9487101514480464,0.020337733267504852,4267.496245679465,4269.285218021565,4214.335604066864,4250.372355922632,31.22155855728223,1681.9077723742755,1660.2389987417753,1780.4789531699566,1707.5419080953359,64.08777844368682,7.0,5.0,4.0,5.333333333333333,1.5275252316519465,7.0,9.0,10.0,8.666666666666666,1.5275252316519468,0.0,0.0,0.0,0.0,0.0,0.09020321574202947,0.09482518875530613,0.1155968197947444,0.10020840809736,0.013525644885180602,0.03985489751986882,0.05831500356637293,0.06591120942301085,0.0546937035030842,0.013400306269251327,0.15505762235449733,0.16204618055555559,0.1649532572751323,0.1606856867283951,0.0050861680281847725,67.63557599272046,68.12341445968265,65.71359434581939,67.15752826607417,1.2740508102147081,0.0001,0.0001,0.0001,0.0001,0.0,3896.0548238120537,3938.8617879855856,4011.428124935209,3948.7815789109495,58.322820079414534,1408.1735689674147,1383.735026485496,1423.024743335975,1404.9777795962952,19.838857447598194,0.0027364930513268447,0.010468740466633455,0.009159465122809903,0.007454899546923401,0.004138365664698071,1628.0000321840896,1637.7288370026267,1620.0917325512441,1628.6068672459867,8.834197753701561,0.8122991278743485,0.9078290507083185,0.9324881171014588,0.8842054318947087,0.06348153122953688,,,,,
E2,4327.166105859978,4361.329801364613,4302.6960015267305,4330.3973029171075,29.45014595335151,4538.759572592604,4625.030783570619,4462.231803203337,4542.00738645552,81.44807071578036,211.59346673262553,263.7009822060063,159.53580167660675,211.61008353841285,52.08259225277939,4296.337057640032,4323.023315954623,4300.402518788029,4306.587630794228,14.378136305001236,1506.8327106541976,1517.721216235916,1505.625566797003,1510.0598312290392,6.662350504190811,0.0003197497357333151,0.00045159304944885194,0.00035855726729586146,0.0003766333508260095,6.775487760829498e-05,0.8629065691560073,0.8851408891594513,0.8809731020627425,0.8763401867927337,0.01181901748996923,4227.82602822887,4361.329801364613,4302.6960015267305,4297.283943706738,66.91623224416595,2750.017324503172,3019.7697076418494,1453.6754388298787,2407.8208236583,837.2494542215487,6.0,4.0,5.0,5.0,1.0,8.0,10.0,9.0,9.0,1.0,0.0,0.0,0.0,0.0,0.0,0.10836329159143405,0.10265369975171444,0.08087193983920711,0.09729631039411853,0.014507578048655444,0.05256132064134608,0.033766535394429656,0.02616437339237142,0.03749740980938238,0.013588203484692132,0.15937521494708992,0.14990887896825397,0.14298983134920637,0.15075797508818342,0.00822562593837741,55.115346367397,55.41169643591321,56.16290507619343,55.56331595983455,0.5399871962550699,0.0001,0.0001,0.0001,0.0001,0.0,3867.916650214039,3945.469679214116,3956.004880406057,3923.1304032780704,48.105784596039776,1401.244695762228,1395.8551237940646,1385.1095276203312,1394.069782392208,8.214407810835102,-0.0027729897751978226,0.002733593582203148,-0.005796509319348871,-0.0019453018374478487,0.004324865820980941,1597.4636190256658,1616.556021125143,1573.7543881027184,1595.924676084509,21.44227614733748,0.5470320826990291,0.7725913699533111,0.6134245216681543,0.6443493247734983,0.11591594196655237,,,,,
E2_beta0,4309.07445545837,4339.250641936259,4311.956546165986,4320.093881186872,16.652709194563034,4596.120310854776,4541.722424000732,4624.790053763068,4587.544262872859,42.192644238353225,287.0458553964063,202.4717820644728,312.83350759708173,267.45038168598694,57.73140010501676,4295.181372947525,4287.1744351622165,4321.811766765355,4301.389191625032,18.13391697058442,1509.2513251490616,1504.555097744246,1520.4215757086047,1511.409332867304,8.150400525886152,0.004987645365366878,0.0061048140759259895,0.005570138803809925,0.005554199415034264,0.0005587548926398615,0.8317458159178462,0.886381231005022,0.8504159147349891,0.8561809872192857,0.027770203294158528,4309.07445545837,4246.440880498577,4311.956546165986,4289.157294040978,37.02155589863521,1598.8589783601828,1285.0370372204493,3138.1527876145974,2007.3496010650767,991.7953103932739,5.0,8.0,7.0,6.666666666666667,1.5275252316519465,9.0,6.0,7.0,7.333333333333333,1.5275252316519465,0.0,0.0,0.0,0.0,0.0,0.08447097833549512,0.08817154173015296,0.08643889966669935,0.08636047324411582,0.0018515278521507108,0.03204071194820009,0.03651100119452964,0.035526809930700655,0.03469284102447679,0.0023489358417959332,0.148862748015873,0.1462451058201058,0.15238105158730164,0.1491629684744268,0.0030789700968494047,57.375812600529386,56.58900707865518,57.17848323640369,57.04776763852942,0.4093661661137343,0.0001,0.0001,0.0001,0.0001,0.0,3841.389586949446,4032.0823149576195,3870.236645822753,3914.5695159099396,102.78609661051117,1375.6825347646106,1431.9908892051835,1384.4307696810022,1397.3680645502654,30.30161536703935,-0.007800794555144594,-0.0043041564558623045,0.0006339883180807067,-0.0038236542309753978,0.004237871201523787,1607.2077597227988,1589.118837871108,1621.9582636179641,1606.09495373729,16.4479702005097,8.532929748084005,10.444196774034092,9.529467237190111,9.502197919769403,0.9559252705496734,,,,,
E2_nobase,4189.329557806731,4275.91899436902,4291.301790703181,4252.183447626311,54.973777429365896,4391.945126536777,4341.640247988985,4183.546081810741,4305.710485445502,108.74627045560878,202.6155687300461,65.72125361996495,-107.75570889243954,53.527037819190504,155.54454881962405,4088.849468547909,3957.1276551590336,3913.526901596636,3986.5013417678597,91.2776572844694,1444.339761375172,1403.5070961027159,1388.6683241193862,1412.1717271990913,28.8293965521034,0.00036552911457956005,0.00041125411820564433,0.0004816967082726353,0.0004194933136859465,5.85204298748038e-05,0.861532252881964,0.8973972239493766,0.8893973253314427,0.8827756007209278,0.018827093908240587,4189.329557806731,4206.986017291073,4183.546081810741,4193.287218969515,12.210853993070533,2305.514078935548,1278.631708564562,1159.225430879008,1581.1237394597058,630.1749659674874,5.0,4.0,7.0,5.333333333333333,1.5275252316519465,9.0,10.0,7.0,8.666666666666666,1.5275252316519468,0.0,0.0,0.0,0.0,0.0,0.08631447758485193,0.06868342998838856,0.055068234711290937,0.07002204742817715,0.015666073085364114,0.03270846061092701,0.033991506348689256,0.012308637683026672,0.02633620154754765,0.012165153618890655,0.14737212301587302,0.14077357804232804,0.12123505291005289,0.1364602513227513,0.013591916677624976,56.78235969846211,57.55069416477566,54.98540118762425,56.439485016954016,1.316569139874566,0.0001,0.0001,0.0001,0.0001,0.0,3847.4349364177833,3969.776331181619,3954.0740655306568,3923.76177771002,66.56560908518016,1370.1123653544003,1414.873160740724,1405.995393747739,1396.993639947621,23.699280147560117,-0.002357936101434794,-0.0007282217494275562,0.00648633371185268,0.0011333919536634432,0.004706854715965763,1547.5779662379769,1520.2999954994896,1479.9797294246503,1515.9525637207055,34.00816853891182,0.6253520503371447,0.7035789921284571,0.8240931081657548,0.7176747168771188,0.10011752648188657,,,,,
SGD03,4391.558000428691,4274.365937968729,4275.511176773331,4313.811705056917,67.33270175781067,4350.222348519957,4343.985060892037,4323.158471225681,4339.121960212558,14.172179603503958,-41.33565190873378,69.61912292330817,47.64729445235025,25.310255155641546,58.75328082681267,3931.1520064706033,3967.6138244078757,3921.4727965910192,3940.079542489833,24.331549201190597,1395.661724925952,1407.4268272602267,1392.8999094268424,1398.6628205376737,7.714451800840776,3.59363665971815e-05,4.216168162862592e-05,4.2700349463546874e-05,4.02661325631181e-05,3.7593477823861636e-06,0.0104728636706159,0.010107759390767947,0.009728210456446371,0.010102944505943406,0.0003723499559287711,4179.089134490408,4140.703292337407,4163.258758253405,4161.01706169374,19.29085591797252,1723.4280295416372,2041.2787885852267,2125.8582803562513,1963.521699494372,212.1842368570075,5.0,9.0,8.0,7.333333333333333,2.0816659994661326,9.0,5.0,6.0,6.666666666666667,2.0816659994661326,0.0,0.0,0.0,0.0,0.0,0.06663324420623053,0.06642189827444518,0.06603993312191717,0.06636502520086429,0.0003007165119613106,0.022607723718445896,0.025463561113993814,0.02378160860887649,0.023950964480438732,0.0014354312473528412,0.14019761904761907,0.1424747685185185,0.14053711970899468,0.14106983575837742,0.0012284918478186408,54.9140040666338,56.11067186650776,57.04583427073464,56.02350340129207,1.068584933814434,4.0357452249530014e-05,4.0357452249530014e-05,4.0357452249530014e-05,4.0357452249530014e-05,0.0,3775.6653287184645,3965.747444445404,3856.601544127814,3866.004772430561,95.38929817695804,1371.3015735894942,1395.4240301957816,1388.8400793007686,1385.1885610286815,12.468898004599064,-0.0031494744005376436,0.0003066898389846115,0.0015361355755370823,-0.0004355496620053166,0.002429387745831258,1540.4171135073236,1537.717201768873,1526.9804308096593,1535.0382486952851,7.107650994336445,0.06148041192030231,0.07213076332496743,0.07305232339113603,0.06888783287880192,0.006431541975390011,1.6142980899812005e-08,1.6142980899812005e-08,1.6142980899812005e-08,1.6142980899812005e-08,0.0
SGD1,4248.686167312797,4294.515002550713,4386.180943373419,4309.794037745643,70.00921402469875,4347.8596432751265,4307.127948997561,4437.380161541397,4364.122584604695,66.63161534630432,99.17347596232958,12.612946446848582,51.19921816797796,54.32854685905204,43.36503016305533,3992.528397668838,3982.01244957182,3967.7742758320846,3980.771707690914,12.423615306684342,1417.1254217033747,1410.169017519813,1410.4018702463932,1412.56543648986,3.950778905313696,0.0003301541117710575,0.0003619517507222462,0.00033147119973552593,0.0003411923540762765,1.7990222122171227e-05,0.029837007744353338,0.029659066036312652,0.030163674333458314,0.029886582704708103,0.00025593092995512194,4200.491516405129,4240.232745477752,4279.231438233035,4239.985233371973,39.37054443423498,1576.5865549191967,3371.4355264469204,1567.175303741946,2171.7324617026875,1038.9839871623185,4.0,7.0,7.0,6.0,1.7320508075688772,10.0,7.0,7.0,8.0,1.7320508075688772,0.0,0.0,0.0,0.0,0.0,0.066318716009422,0.06775020160006805,0.06974364140816738,0.06793751967255247,0.001720129222457505,0.030152992779222298,0.014525799939734385,0.027220970852303145,0.023966587857086608,0.008306355730421223,0.14403356481481486,0.1328996858465608,0.14420628306878308,0.14037984457671956,0.006478583091239267,57.03868507392823,56.884922351155964,57.095312485619196,57.00630663690112,0.10886815217547575,0.00012107235674859004,0.00012107235674859004,0.00012107235674859004,0.00012107235674859004,0.0,4033.255060990331,3940.6047286163766,3879.7575852469117,3951.2057916178733,77.29589683464233,1418.755461807776,1366.2449645122256,1399.6163553959072,1394.8722605719697,26.57476073891143,-0.00301312230239439,0.0021477323819498943,0.0033053652383635,0.0008133251059730015,0.0033639713560482684,1513.7706450830062,1498.330581870407,1567.5795362428457,1526.5602543987527,36.35292285712527,0.5648320270212883,0.6192318488709868,0.5670853185545827,0.5837163981489527,0.03077791027141762,4.842894269943602e-08,4.842894269943602e-08,4.842894269943602e-08,4.842894269943602e-08,0.0
SGD3,4383.246011689307,4368.768367081254,4246.587528486351,4332.86730241897,75.07030099011997,4526.845846701112,4359.308350897525,4427.957847822273,4438.0373484736365,84.22232705803069,143.59983501180523,-9.46001618372884,181.37031933592152,105.17004605466597,101.0529106364744,4101.142074650711,4050.1678438101517,4126.042429520146,4092.4507826603362,38.67676442662013,1457.1735380079356,1434.3069732406102,1459.7694719599222,1450.4166610694892,14.011646931346826,0.002438727374174405,0.0030885576393421188,0.0023003374893762066,0.0026092075009642433,0.0004208566934548871,0.08803893150872384,0.08582158939971225,0.08879894392158379,0.08755315494333997,0.0015469790369731379,4236.769698100245,4289.994340450709,4221.302107096448,4249.355381882468,36.03408536370334,2981.6002234806338,1163.7284041714881,2436.511284465861,2193.946637372661,932.8947925002971,6.0,8.0,8.0,7.333333333333333,1.1547005383792517,8.0,6.0,6.0,6.666666666666667,1.1547005383792517,0.0,0.0,0.0,0.0,0.0,0.08009135548315234,0.08125303969904935,0.07707009676670573,0.07947149731630247,0.0021592639959182175,0.06545755987790354,0.025394074986766633,0.048302206231324,0.04638461369866472,0.020100462090374235,0.16046665013227512,0.14247253637566135,0.1549203538359788,0.1526198467813051,0.009215003092942613,54.494226692214845,56.164188265800476,58.14344452108656,56.267286493033964,1.8267921677034884,0.0003632170702457701,0.0003632170702457701,0.0003632170702457701,0.0003632170702457702,6.639355251516202e-20,4035.5809996254275,3894.8100681711667,3918.9489079739556,3949.7799919235167,75.27968244323104,1426.8625976300143,1392.2512741769167,1388.2140855441423,1402.4426524503579,21.244411381519214,0.0005355231494283891,-0.00017224615861814762,0.007043983463601366,0.002469086818137202,0.003977749845812656,1591.29413552356,1541.4414354707983,1581.997978869104,1571.5778499544874,26.509568849484857,4.17220709055542,5.283945314639649,3.935447842789295,4.463866749328122,0.720007205042599,1.4528682809830805e-07,1.4528682809830805e-07,1.4528682809830805e-07,1.4528682809830805e-07,0.0
SGD10,4255.233936434556,4267.157736599802,4416.71871727392,4313.0367967694265,89.98888671508489,4533.028460231749,4504.8838272876455,4337.116798739024,4458.343028752805,105.92393130641173,277.7945237971926,237.72609068784368,-79.60191853489687,145.3062319833798,195.80379710343576,4261.506128092926,4270.9378382149325,4073.9502213438145,4202.131395883891,111.10827790408572,1499.8001011709541,1510.3266779036444,1428.9587505738484,1479.6951765494823,44.25314559455675,0.026124461906248668,0.017679598755710683,0.02038812411030741,0.02139739492408892,0.004311948409882936,0.25205655700678503,0.2570544817881902,0.21595977181962747,0.24169027020486755,0.022422950818185773,4253.614836068731,4250.111964922371,4217.415529857581,4240.380776949561,19.965456595424598,1741.5751996242843,1693.4616751412013,3991.220030683626,2475.4189684830376,1312.9426388596996,5.0,7.0,9.0,7.0,2.0,9.0,7.0,5.0,7.0,2.0,0.0,0.0,0.0,0.0,0.0,0.11398304639708143,0.13162890376618164,0.11964479273046559,0.12175224763124289,0.009009722259413145,0.037883327633034515,0.1389266098268552,0.009220114691039068,0.062010017383642924,0.06813601535785578,0.1465049272486773,0.178273544973545,0.10282316468253967,0.142533878968254,0.03788161677975771,55.57193023439438,56.71196713901701,57.278485769317264,56.52079438090956,0.8691911274430919,0.0012107235674859004,0.0012107235674859004,0.0012107235674859004,0.0012107235674859004,0.0,3872.5280962188613,3948.9583269147524,3946.583121476104,3922.6898482032393,43.45758186813478,1373.354302516996,1398.8409548384354,1408.2903682508575,1393.4952085354298,18.071107461698233,0.005709019911299302,0.003058413516219467,0.0011638439158884336,0.0033104257811357343,0.0022830437673347316,1586.258577784264,1579.8614706529777,1509.8541895551136,1558.658079330785,42.386265320728654,44.69407542493137,30.246491702141267,34.880272750842224,36.606946625971624,7.376938447625014,4.842894269943602e-07,4.842894269943602e-07,4.842894269943602e-07,4.842894269943602e-07,0.0
